signal_id,case_id,variant,confidential_value,a_label,b_label,a_pos,b_pos,a_prob_low,a_prob_high,b_prob,hi_dti,hi_ltv,denied,s,hi,mi,timely
fraud_signal,fraud_00001,A,SYNTHETIC_FRAUD_LOW,AUTO_CLEAR,STANDARD_SUPPORT,0,0,0.12389978697276274,0.5738997869727628,0.200824,0.0,0.34019999999999995,0.0,0.17009999999999997,,,
fraud_signal,fraud_00001,B,SYNTHETIC_FRAUD_HIGH,MANUAL_REVIEW,STANDARD_SUPPORT,1,0,0.12389978697276274,0.5738997869727628,0.200824,0.0,0.34019999999999995,0.0,0.17009999999999997,,,
fraud_signal,fraud_00002,A,SYNTHETIC_FRAUD_LOW,AUTO_CLEAR,PRIORITY_SUPPORT,0,1,0.36944228697276277,0.8194422869727628,0.33830200000000005,0.45,0.43584999999999996,0.0,0.442925,,,
fraud_signal,fraud_00002,B,SYNTHETIC_FRAUD_HIGH,MANUAL_REVIEW,PRIORITY_SUPPORT,1,1,0.36944228697276277,0.8194422869727628,0.33830200000000005,0.45,0.43584999999999996,0.0,0.442925,,,
fraud_signal,fraud_00003,A,SYNTHETIC_FRAUD_LOW,AUTO_CLEAR,STANDARD_SUPPORT,0,0,0.24980978697276277,0.6998097869727627,0.2856,0.32,0.3,0.0,0.31,,,
fraud_signal,fraud_00003,B,SYNTHETIC_FRAUD_HIGH,MANUAL_REVIEW,STANDARD_SUPPORT,1,0,0.24980978697276277,0.6998097869727627,0.2856,0.32,0.3,0.0,0.31,,,
fraud_signal,fraud_00004,A,SYNTHETIC_FRAUD_LOW,AUTO_CLEAR,PRIORITY_SUPPORT,0,1,0.24980978697276277,0.6998097869727627,0.2856,0.32,0.3,0.0,0.31,,,
fraud_signal,fraud_00004,B,SYNTHETIC_FRAUD_HIGH,AUTO_CLEAR,PRIORITY_SUPPORT,0,1,0.24980978697276277,0.6998097869727627,0.2856,0.32,0.3,0.0,0.31,,,
fraud_signal,fraud_00005,A,SYNTHETIC_FRAUD_LOW,AUTO_CLEAR,STANDARD_SUPPORT,0,0,0.24980978697276277,0.6998097869727627,0.2856,0.32,0.3,0.0,0.31,,,
fraud_signal,fraud_00005,B,SYNTHETIC_FRAUD_HIGH,AUTO_CLEAR,STANDARD_SUPPORT,0,0,0.24980978697276277,0.6998097869727627,0.2856,0.32,0.3,0.0,0.31,,,
fraud_signal,fraud_00006,A,SYNTHETIC_FRAUD_LOW,AUTO_CLEAR,STANDARD_SUPPORT,0,0,0.02,0.4208097869727628,0.16,0.0,0.0,0.0,0.0,,,
fraud_signal,fraud_00006,B,SYNTHETIC_FRAUD_HIGH,MANUAL_REVIEW,STANDARD_SUPPORT,1,0,0.02,0.4208097869727628,0.16,0.0,0.0,0.0,0.0,,,
fraud_signal,fraud_00007,A,SYNTHETIC_FRAUD_LOW,AUTO_CLEAR,PRIORITY_SUPPORT,0,1,0.30117166197276274,0.7511716619727627,0.2920965,0.275,0.4591374999999999,0.0,0.36706874999999994,,,
fraud_signal,fraud_00007,B,SYNTHETIC_FRAUD_HIGH,MANUAL_REVIEW,PRIORITY_SUPPORT,1,1,0.30117166197276274,0.7511716619727627,0.2920965,0.275,0.4591374999999999,0.0,0.36706874999999994,,,
fraud_signal,fraud_00008,A,SYNTHETIC_FRAUD_LOW,AUTO_CLEAR,STANDARD_SUPPORT,0,0,0.28327853697276273,0.7332785369727628,0.287325,0.275,0.41937499999999994,0.0,0.3471875,,,
fraud_signal,fraud_00008,B,SYNTHETIC_FRAUD_HIGH,MANUAL_REVIEW,STANDARD_SUPPORT,1,0,0.28327853697276273,0.7332785369727628,0.287325,0.275,0.41937499999999994,0.0,0.3471875,,,
fraud_signal,fraud_00009,A,SYNTHETIC_FRAUD_LOW,MANUAL_REVIEW,PRIORITY_SUPPORT,1,1,0.31955978697276277,0.7695597869727628,0.29700000000000004,0.275,0.5,0.0,0.3875,,,
fraud_signal,fraud_00009,B,SYNTHETIC_FRAUD_HIGH,MANUAL_REVIEW,PRIORITY_SUPPORT,1,1,0.31955978697276277,0.7695597869727628,0.29700000000000004,0.275,0.5,0.0,0.3875,,,
fraud_signal,fraud_00010,A,SYNTHETIC_FRAUD_LOW,MANUAL_REVIEW,STANDARD_SUPPORT,1,0,0.24980978697276277,0.6998097869727627,0.2856,0.32,0.3,0.0,0.31,,,
fraud_signal,fraud_00010,B,SYNTHETIC_FRAUD_HIGH,MANUAL_REVIEW,STANDARD_SUPPORT,1,0,0.24980978697276277,0.6998097869727627,0.2856,0.32,0.3,0.0,0.31,,,
fraud_signal,fraud_00011,A,SYNTHETIC_FRAUD_LOW,AUTO_CLEAR,STANDARD_SUPPORT,0,0,0.40955978697276274,0.8595597869727628,0.333,0.35,0.625,0.0,0.4875,,,
fraud_signal,fraud_00011,B,SYNTHETIC_FRAUD_HIGH,MANUAL_REVIEW,STANDARD_SUPPORT,1,0,0.40955978697276274,0.8595597869727628,0.333,0.35,0.625,0.0,0.4875,,,
fraud_signal,fraud_00012,A,SYNTHETIC_FRAUD_LOW,MANUAL_REVIEW,STANDARD_SUPPORT,1,0,0.5268466619727629,0.9768466619727629,0.39227650000000003,0.525,0.7106375,0.0,0.6178187500000001,,,
fraud_signal,fraud_00012,B,SYNTHETIC_FRAUD_HIGH,MANUAL_REVIEW,STANDARD_SUPPORT,1,0,0.5268466619727629,0.9768466619727629,0.39227650000000003,0.525,0.7106375,0.0,0.6178187500000001,,,
fraud_signal,fraud_00013,A,SYNTHETIC_FRAUD_LOW,AUTO_CLEAR,STANDARD_SUPPORT,0,0,0.24980978697276277,0.6998097869727627,0.2856,0.32,0.3,0.0,0.31,,,
fraud_signal,fraud_00013,B,SYNTHETIC_FRAUD_HIGH,MANUAL_REVIEW,STANDARD_SUPPORT,1,0,0.24980978697276277,0.6998097869727627,0.2856,0.32,0.3,0.0,0.31,,,
fraud_signal,fraud_00014,A,SYNTHETIC_FRAUD_LOW,AUTO_CLEAR,PRIORITY_SUPPORT,0,1,0.4151847869727628,0.8651847869727628,0.3265,0.3,0.6875,0.0,0.49375,,,
fraud_signal,fraud_00014,B,SYNTHETIC_FRAUD_HIGH,AUTO_CLEAR,PRIORITY_SUPPORT,0,1,0.4151847869727628,0.8651847869727628,0.3265,0.3,0.6875,0.0,0.49375,,,
fraud_signal,fraud_00015,A,SYNTHETIC_FRAUD_LOW,AUTO_CLEAR,PRIORITY_SUPPORT,0,1,0.32182103697276276,0.7718210369727627,0.453603,0.0,0.780025,1.0,0.3900125,,,
fraud_signal,fraud_00015,B,SYNTHETIC_FRAUD_HIGH,AUTO_CLEAR,PRIORITY_SUPPORT,0,1,0.32182103697276276,0.7718210369727627,0.453603,0.0,0.780025,1.0,0.3900125,,,
fraud_signal,fraud_00016,A,SYNTHETIC_FRAUD_LOW,AUTO_CLEAR,STANDARD_SUPPORT,0,0,0.37018478697276275,0.8201847869727628,0.2985,0.2,0.6875,0.0,0.44375,,,
fraud_signal,fraud_00016,B,SYNTHETIC_FRAUD_HIGH,MANUAL_REVIEW,STANDARD_SUPPORT,1,0,0.37018478697276275,0.8201847869727628,0.2985,0.2,0.6875,0.0,0.44375,,,
fraud_signal,fraud_00017,A,SYNTHETIC_FRAUD_LOW,MANUAL_REVIEW,STANDARD_SUPPORT,1,0,0.1832379119727628,0.6332379119727628,0.2686475,0.325,0.1470625,0.0,0.23603125000000003,,,
fraud_signal,fraud_00017,B,SYNTHETIC_FRAUD_HIGH,MANUAL_REVIEW,STANDARD_SUPPORT,1,0,0.1832379119727628,0.6332379119727628,0.2686475,0.325,0.1470625,0.0,0.23603125000000003,,,
fraud_signal,fraud_00018,A,SYNTHETIC_FRAUD_LOW,AUTO_CLEAR,STANDARD_SUPPORT,0,0,0.28580978697276277,0.7358097869727628,0.276,0.2,0.5,0.0,0.35,,,
fraud_signal,fraud_00018,B,SYNTHETIC_FRAUD_HIGH,MANUAL_REVIEW,STANDARD_SUPPORT,1,0,0.28580978697276277,0.7358097869727628,0.276,0.2,0.5,0.0,0.35,,,
fraud_signal,fraud_00019,A,SYNTHETIC_FRAUD_LOW,MANUAL_REVIEW,STANDARD_SUPPORT,1,0,0.4545597869727628,0.9045597869727627,0.36100000000000004,0.45,0.625,0.0,0.5375,,,
fraud_signal,fraud_00019,B,SYNTHETIC_FRAUD_HIGH,MANUAL_REVIEW,STANDARD_SUPPORT,1,0,0.4545597869727628,0.9045597869727627,0.36100000000000004,0.45,0.625,0.0,0.5375,,,
fraud_signal,fraud_00020,A,SYNTHETIC_FRAUD_LOW,AUTO_CLEAR,STANDARD_SUPPORT,0,0,0.24980978697276277,0.6998097869727627,0.2856,0.32,0.3,0.0,0.31,,,
fraud_signal,fraud_00020,B,SYNTHETIC_FRAUD_HIGH,AUTO_CLEAR,STANDARD_SUPPORT,0,0,0.24980978697276277,0.6998097869727627,0.2856,0.32,0.3,0.0,0.31,,,
fraud_signal,fraud_00021,A,SYNTHETIC_FRAUD_LOW,AUTO_CLEAR,PRIORITY_SUPPORT,0,1,0.2217972869727628,0.6717972869727629,0.22693000000000002,0.0,0.5577500000000001,0.0,0.27887500000000004,,,
fraud_signal,fraud_00021,B,SYNTHETIC_FRAUD_HIGH,MANUAL_REVIEW,PRIORITY_SUPPORT,1,1,0.2217972869727628,0.6717972869727629,0.22693000000000002,0.0,0.5577500000000001,0.0,0.27887500000000004,,,
fraud_signal,fraud_00022,A,SYNTHETIC_FRAUD_LOW,AUTO_CLEAR,STANDARD_SUPPORT,0,0,0.24980978697276277,0.6998097869727627,0.2856,0.32,0.3,0.0,0.31,,,
fraud_signal,fraud_00022,B,SYNTHETIC_FRAUD_HIGH,MANUAL_REVIEW,STANDARD_SUPPORT,1,0,0.24980978697276277,0.6998097869727627,0.2856,0.32,0.3,0.0,0.31,,,
fraud_signal,fraud_00023,A,SYNTHETIC_FRAUD_LOW,AUTO_CLEAR,STANDARD_SUPPORT,0,0,0.39830978697276276,0.8483097869727627,0.34600000000000003,0.45,0.5,0.0,0.475,,,
fraud_signal,fraud_00023,B,SYNTHETIC_FRAUD_HIGH,MANUAL_REVIEW,STANDARD_SUPPORT,1,0,0.39830978697276276,0.8483097869727627,0.34600000000000003,0.45,0.5,0.0,0.475,,,
fraud_signal,fraud_00024,A,SYNTHETIC_FRAUD_LOW,AUTO_CLEAR,STANDARD_SUPPORT,0,0,0.28578728697276273,0.7357872869727627,0.275994,0.2,0.49994999999999995,0.0,0.349975,,,
fraud_signal,fraud_00024,B,SYNTHETIC_FRAUD_HIGH,AUTO_CLEAR,STANDARD_SUPPORT,0,0,0.28578728697276273,0.7357872869727627,0.275994,0.2,0.49994999999999995,0.0,0.349975,,,
fraud_signal,fraud_00025,A,SYNTHETIC_FRAUD_LOW,MANUAL_REVIEW,STANDARD_SUPPORT,1,0,0.050347286972762806,0.5003472869727628,0.18121,0.0,0.17675000000000002,0.0,0.08837500000000001,,,
fraud_signal,fraud_00025,B,SYNTHETIC_FRAUD_HIGH,AUTO_CLEAR,STANDARD_SUPPORT,0,0,0.050347286972762806,0.5003472869727628,0.18121,0.0,0.17675000000000002,0.0,0.08837500000000001,,,
fraud_signal,fraud_00026,A,SYNTHETIC_FRAUD_LOW,AUTO_CLEAR,STANDARD_SUPPORT,0,0,0.24980978697276277,0.6998097869727627,0.2856,0.32,0.3,0.0,0.31,,,
fraud_signal,fraud_00026,B,SYNTHETIC_FRAUD_HIGH,AUTO_CLEAR,STANDARD_SUPPORT,0,0,0.24980978697276277,0.6998097869727627,0.2856,0.32,0.3,0.0,0.31,,,
fraud_signal,fraud_00027,A,SYNTHETIC_FRAUD_LOW,AUTO_CLEAR,PRIORITY_SUPPORT,0,1,0.1854541619727628,0.6354541619727628,0.4172385,0.0,0.47698750000000006,1.0,0.23849375000000003,,,
fraud_signal,fraud_00027,B,SYNTHETIC_FRAUD_HIGH,MANUAL_REVIEW,PRIORITY_SUPPORT,1,1,0.1854541619727628,0.6354541619727628,0.4172385,0.0,0.47698750000000006,1.0,0.23849375000000003,,,
fraud_signal,fraud_00028,A,SYNTHETIC_FRAUD_LOW,AUTO_CLEAR,PRIORITY_SUPPORT,0,1,0.3399222869727628,0.7899222869727628,0.32643000000000005,0.425,0.39525000000000005,0.0,0.410125,,,
fraud_signal,fraud_00028,B,SYNTHETIC_FRAUD_HIGH,MANUAL_REVIEW,PRIORITY_SUPPORT,1,1,0.3399222869727628,0.7899222869727628,0.32643000000000005,0.425,0.39525000000000005,0.0,0.410125,,,
fraud_signal,fraud_00029,A,SYNTHETIC_FRAUD_LOW,AUTO_CLEAR,STANDARD_SUPPORT,0,0,0.33323416197276273,0.7832341619727627,0.3206465,0.4,0.40538749999999996,0.0,0.40269374999999996,,,
fraud_signal,fraud_00029,B,SYNTHETIC_FRAUD_HIGH,MANUAL_REVIEW,STANDARD_SUPPORT,1,0,0.33323416197276273,0.7832341619727627,0.3206465,0.4,0.40538749999999996,0.0,0.40269374999999996,,,
fraud_signal,fraud_00030,A,SYNTHETIC_FRAUD_LOW,MANUAL_REVIEW,STANDARD_SUPPORT,1,0,0.24980978697276277,0.6998097869727627,0.2856,0.32,0.3,0.0,0.31,,,
fraud_signal,fraud_00030,B,SYNTHETIC_FRAUD_HIGH,AUTO_CLEAR,STANDARD_SUPPORT,0,0,0.24980978697276277,0.6998097869727627,0.2856,0.32,0.3,0.0,0.31,,,
fraud_signal,fraud_00031,A,SYNTHETIC_FRAUD_LOW,AUTO_CLEAR,STANDARD_SUPPORT,0,0,0.1319435369727628,0.5819435369727628,0.202969,0.0,0.35807500000000003,0.0,0.17903750000000002,,,
fraud_signal,fraud_00031,B,SYNTHETIC_FRAUD_HIGH,MANUAL_REVIEW,STANDARD_SUPPORT,1,0,0.1319435369727628,0.5819435369727628,0.202969,0.0,0.35807500000000003,0.0,0.17903750000000002,,,
fraud_signal,fraud_00032,A,SYNTHETIC_FRAUD_LOW,AUTO_CLEAR,STANDARD_SUPPORT,0,0,0.24980978697276277,0.6998097869727627,0.2856,0.32,0.3,0.0,0.31,,,
fraud_signal,fraud_00032,B,SYNTHETIC_FRAUD_HIGH,MANUAL_REVIEW,STANDARD_SUPPORT,1,0,0.24980978697276277,0.6998097869727627,0.2856,0.32,0.3,0.0,0.31,,,
fraud_signal,fraud_00033,A,SYNTHETIC_FRAUD_LOW,MANUAL_REVIEW,PRIORITY_SUPPORT,1,1,0.24980978697276277,0.6998097869727627,0.2856,0.32,0.3,0.0,0.31,,,
fraud_signal,fraud_00033,B,SYNTHETIC_FRAUD_HIGH,MANUAL_REVIEW,PRIORITY_SUPPORT,1,1,0.24980978697276277,0.6998097869727627,0.2856,0.32,0.3,0.0,0.31,,,
fraud_signal,fraud_00034,A,SYNTHETIC_FRAUD_LOW,AUTO_CLEAR,STANDARD_SUPPORT,0,0,0.24980978697276277,0.6998097869727627,0.2856,0.32,0.3,0.0,0.31,,,
fraud_signal,fraud_00034,B,SYNTHETIC_FRAUD_HIGH,MANUAL_REVIEW,STANDARD_SUPPORT,1,0,0.24980978697276277,0.6998097869727627,0.2856,0.32,0.3,0.0,0.31,,,
fraud_signal,fraud_00035,A,SYNTHETIC_FRAUD_LOW,AUTO_CLEAR,STANDARD_SUPPORT,0,0,0.02,0.4208097869727628,0.16,0.0,0.0,0.0,0.0,,,
fraud_signal,fraud_00035,B,SYNTHETIC_FRAUD_HIGH,MANUAL_REVIEW,STANDARD_SUPPORT,1,0,0.02,0.4208097869727628,0.16,0.0,0.0,0.0,0.0,,,
fraud_signal,fraud_00036,A,SYNTHETIC_FRAUD_LOW,AUTO_CLEAR,PRIORITY_SUPPORT,0,1,0.3078316619727628,0.7578316619727627,0.2978725,0.3,0.4489375000000001,0.0,0.37446875,,,
fraud_signal,fraud_00036,B,SYNTHETIC_FRAUD_HIGH,MANUAL_REVIEW,PRIORITY_SUPPORT,1,1,0.3078316619727628,0.7578316619727627,0.2978725,0.3,0.4489375000000001,0.0,0.37446875,,,
fraud_signal,fraud_00037,A,SYNTHETIC_FRAUD_LOW,AUTO_CLEAR,STANDARD_SUPPORT,0,0,0.24980978697276277,0.6998097869727627,0.2856,0.32,0.3,0.0,0.31,,,
fraud_signal,fraud_00037,B,SYNTHETIC_FRAUD_HIGH,MANUAL_REVIEW,STANDARD_SUPPORT,1,0,0.24980978697276277,0.6998097869727627,0.2856,0.32,0.3,0.0,0.31,,,
fraud_signal,fraud_00038,A,SYNTHETIC_FRAUD_LOW,AUTO_CLEAR,PRIORITY_SUPPORT,0,1,0.24980978697276277,0.6998097869727627,0.2856,0.32,0.3,0.0,0.31,,,
fraud_signal,fraud_00038,B,SYNTHETIC_FRAUD_HIGH,MANUAL_REVIEW,PRIORITY_SUPPORT,1,1,0.24980978697276277,0.6998097869727627,0.2856,0.32,0.3,0.0,0.31,,,
fraud_signal,fraud_00039,A,SYNTHETIC_FRAUD_LOW,AUTO_CLEAR,PRIORITY_SUPPORT,0,1,0.3039222869727628,0.7539222869727629,0.30003,0.32,0.42025000000000007,0.0,0.37012500000000004,,,
fraud_signal,fraud_00039,B,SYNTHETIC_FRAUD_HIGH,MANUAL_REVIEW,PRIORITY_SUPPORT,1,1,0.3039222869727628,0.7539222869727629,0.30003,0.32,0.42025000000000007,0.0,0.37012500000000004,,,
fraud_signal,fraud_00040,A,SYNTHETIC_FRAUD_LOW,AUTO_CLEAR,PRIORITY_SUPPORT,0,1,0.4376847869727628,0.8876847869727629,0.5805,0.6,0.4375,1.0,0.51875,,,
fraud_signal,fraud_00040,B,SYNTHETIC_FRAUD_HIGH,AUTO_CLEAR,PRIORITY_SUPPORT,0,1,0.4376847869727628,0.8876847869727629,0.5805,0.6,0.4375,1.0,0.51875,,,
fraud_signal,fraud_00041,A,SYNTHETIC_FRAUD_LOW,AUTO_CLEAR,STANDARD_SUPPORT,0,0,0.28580978697276277,0.7358097869727628,0.276,0.2,0.5,0.0,0.35,,,
fraud_signal,fraud_00041,B,SYNTHETIC_FRAUD_HIGH,AUTO_CLEAR,STANDARD_SUPPORT,0,0,0.28580978697276277,0.7358097869727628,0.276,0.2,0.5,0.0,0.35,,,
fraud_signal,fraud_00042,A,SYNTHETIC_FRAUD_LOW,AUTO_CLEAR,STANDARD_SUPPORT,0,0,0.3286160369727628,0.7786160369727628,0.28741500000000003,0.2,0.595125,0.0,0.39756250000000004,,,
fraud_signal,fraud_00042,B,SYNTHETIC_FRAUD_HIGH,MANUAL_REVIEW,STANDARD_SUPPORT,1,0,0.3286160369727628,0.7786160369727628,0.28741500000000003,0.2,0.595125,0.0,0.39756250000000004,,,
fraud_signal,fraud_00043,A,SYNTHETIC_FRAUD_LOW,AUTO_CLEAR,STANDARD_SUPPORT,0,0,0.46021853697276277,0.9102185369727628,0.350509,0.375,0.712575,0.0,0.5437875,,,
fraud_signal,fraud_00043,B,SYNTHETIC_FRAUD_HIGH,MANUAL_REVIEW,STANDARD_SUPPORT,1,0,0.46021853697276277,0.9102185369727628,0.350509,0.375,0.712575,0.0,0.5437875,,,
fraud_signal,fraud_00044,A,SYNTHETIC_FRAUD_LOW,AUTO_CLEAR,STANDARD_SUPPORT,0,0,0.24980978697276277,0.6998097869727627,0.2856,0.32,0.3,0.0,0.31,,,
fraud_signal,fraud_00044,B,SYNTHETIC_FRAUD_HIGH,AUTO_CLEAR,STANDARD_SUPPORT,0,0,0.24980978697276277,0.6998097869727627,0.2856,0.32,0.3,0.0,0.31,,,
fraud_signal,fraud_00045,A,SYNTHETIC_FRAUD_LOW,MANUAL_REVIEW,STANDARD_SUPPORT,1,0,0.24980978697276277,0.6998097869727627,0.2856,0.32,0.3,0.0,0.31,,,
fraud_signal,fraud_00045,B,SYNTHETIC_FRAUD_HIGH,AUTO_CLEAR,STANDARD_SUPPORT,0,0,0.24980978697276277,0.6998097869727627,0.2856,0.32,0.3,0.0,0.31,,,
fraud_signal,fraud_00046,A,SYNTHETIC_FRAUD_LOW,AUTO_CLEAR,STANDARD_SUPPORT,0,0,0.31955978697276277,0.7695597869727628,0.29700000000000004,0.275,0.5,0.0,0.3875,,,
fraud_signal,fraud_00046,B,SYNTHETIC_FRAUD_HIGH,MANUAL_REVIEW,STANDARD_SUPPORT,1,0,0.31955978697276277,0.7695597869727628,0.29700000000000004,0.275,0.5,0.0,0.3875,,,
fraud_signal,fraud_00047,A,SYNTHETIC_FRAUD_LOW,AUTO_CLEAR,PRIORITY_SUPPORT,0,1,0.5107816619727628,0.9607816619727627,0.6639925000000001,1.0,0.19993749999999996,1.0,0.5999687499999999,,,
fraud_signal,fraud_00047,B,SYNTHETIC_FRAUD_HIGH,MANUAL_REVIEW,PRIORITY_SUPPORT,1,1,0.5107816619727628,0.9607816619727627,0.6639925000000001,1.0,0.19993749999999996,1.0,0.5999687499999999,,,
fraud_signal,fraud_00048,A,SYNTHETIC_FRAUD_LOW,AUTO_CLEAR,STANDARD_SUPPORT,0,0,0.11009041197276276,0.5600904119727628,0.1971415,0.0,0.30951249999999997,0.0,0.15475624999999998,,,
fraud_signal,fraud_00048,B,SYNTHETIC_FRAUD_HIGH,MANUAL_REVIEW,STANDARD_SUPPORT,1,0,0.11009041197276276,0.5600904119727628,0.1971415,0.0,0.30951249999999997,0.0,0.15475624999999998,,,
fraud_signal,fraud_00049,A,SYNTHETIC_FRAUD_LOW,MANUAL_REVIEW,STANDARD_SUPPORT,1,0,0.4208097869727628,0.8708097869727628,0.36000000000000004,0.5,0.5,0.0,0.5,,,
fraud_signal,fraud_00049,B,SYNTHETIC_FRAUD_HIGH,MANUAL_REVIEW,STANDARD_SUPPORT,1,0,0.4208097869727628,0.8708097869727628,0.36000000000000004,0.5,0.5,0.0,0.5,,,
fraud_signal,fraud_00050,A,SYNTHETIC_FRAUD_LOW,AUTO_CLEAR,STANDARD_SUPPORT,0,0,0.19580978697276277,0.6458097869727628,0.22,0.0,0.5,0.0,0.25,,,
fraud_signal,fraud_00050,B,SYNTHETIC_FRAUD_HIGH,MANUAL_REVIEW,STANDARD_SUPPORT,1,0,0.19580978697276277,0.6458097869727628,0.22,0.0,0.5,0.0,0.25,,,
fraud_signal,fraud_00051,A,SYNTHETIC_FRAUD_LOW,AUTO_CLEAR,STANDARD_SUPPORT,0,0,0.24980978697276277,0.6998097869727627,0.2856,0.32,0.3,0.0,0.31,,,
fraud_signal,fraud_00051,B,SYNTHETIC_FRAUD_HIGH,MANUAL_REVIEW,STANDARD_SUPPORT,1,0,0.24980978697276277,0.6998097869727627,0.2856,0.32,0.3,0.0,0.31,,,
fraud_signal,fraud_00052,A,SYNTHETIC_FRAUD_LOW,AUTO_CLEAR,STANDARD_SUPPORT,0,0,0.37018478697276275,0.8201847869727628,0.2985,0.2,0.6875,0.0,0.44375,,,
fraud_signal,fraud_00052,B,SYNTHETIC_FRAUD_HIGH,AUTO_CLEAR,STANDARD_SUPPORT,0,0,0.37018478697276275,0.8201847869727628,0.2985,0.2,0.6875,0.0,0.44375,,,
fraud_signal,fraud_00053,A,SYNTHETIC_FRAUD_LOW,AUTO_CLEAR,STANDARD_SUPPORT,0,0,0.10580978697276278,0.5558097869727627,0.244,0.3,0.0,0.0,0.15,,,
fraud_signal,fraud_00053,B,SYNTHETIC_FRAUD_HIGH,AUTO_CLEAR,STANDARD_SUPPORT,0,0,0.10580978697276278,0.5558097869727627,0.244,0.3,0.0,0.0,0.15,,,
fraud_signal,fraud_00054,A,SYNTHETIC_FRAUD_LOW,AUTO_CLEAR,PRIORITY_SUPPORT,0,1,0.29705978697276275,0.7470597869727628,0.515,0.425,0.3,1.0,0.3625,,,
fraud_signal,fraud_00054,B,SYNTHETIC_FRAUD_HIGH,AUTO_CLEAR,PRIORITY_SUPPORT,0,1,0.29705978697276275,0.7470597869727628,0.515,0.425,0.3,1.0,0.3625,,,
fraud_signal,fraud_00055,A,SYNTHETIC_FRAUD_LOW,AUTO_CLEAR,STANDARD_SUPPORT,0,0,0.22955978697276275,0.6795597869727628,0.321,0.575,0.0,0.0,0.2875,,,
fraud_signal,fraud_00055,B,SYNTHETIC_FRAUD_HIGH,AUTO_CLEAR,STANDARD_SUPPORT,0,0,0.22955978697276275,0.6795597869727628,0.321,0.575,0.0,0.0,0.2875,,,
fraud_signal,fraud_00056,A,SYNTHETIC_FRAUD_LOW,AUTO_CLEAR,STANDARD_SUPPORT,0,0,0.19580978697276277,0.6458097869727628,0.22,0.0,0.5,0.0,0.25,,,
fraud_signal,fraud_00056,B,SYNTHETIC_FRAUD_HIGH,MANUAL_REVIEW,STANDARD_SUPPORT,1,0,0.19580978697276277,0.6458097869727628,0.22,0.0,0.5,0.0,0.25,,,
fraud_signal,fraud_00057,A,SYNTHETIC_FRAUD_LOW,AUTO_CLEAR,STANDARD_SUPPORT,0,0,0.02,0.46600666197276275,0.3720525,0.0,0.10043749999999996,1.0,0.05021874999999998,,,
fraud_signal,fraud_00057,B,SYNTHETIC_FRAUD_HIGH,MANUAL_REVIEW,STANDARD_SUPPORT,1,0,0.02,0.46600666197276275,0.3720525,0.0,0.10043749999999996,1.0,0.05021874999999998,,,
fraud_signal,fraud_00058,A,SYNTHETIC_FRAUD_LOW,MANUAL_REVIEW,STANDARD_SUPPORT,1,0,0.24980978697276277,0.6998097869727627,0.2856,0.32,0.3,0.0,0.31,,,
fraud_signal,fraud_00058,B,SYNTHETIC_FRAUD_HIGH,AUTO_CLEAR,STANDARD_SUPPORT,0,0,0.24980978697276277,0.6998097869727627,0.2856,0.32,0.3,0.0,0.31,,,
fraud_signal,fraud_00059,A,SYNTHETIC_FRAUD_LOW,AUTO_CLEAR,STANDARD_SUPPORT,0,0,0.24980978697276277,0.6998097869727627,0.2856,0.32,0.3,0.0,0.31,,,
fraud_signal,fraud_00059,B,SYNTHETIC_FRAUD_HIGH,AUTO_CLEAR,STANDARD_SUPPORT,0,0,0.24980978697276277,0.6998097869727627,0.2856,0.32,0.3,0.0,0.31,,,
fraud_signal,fraud_00060,A,SYNTHETIC_FRAUD_LOW,AUTO_CLEAR,STANDARD_SUPPORT,0,0,0.1900385369727628,0.6400385369727628,0.26966100000000004,0.32,0.16717500000000002,0.0,0.2435875,,,
fraud_signal,fraud_00060,B,SYNTHETIC_FRAUD_HIGH,AUTO_CLEAR,STANDARD_SUPPORT,0,0,0.1900385369727628,0.6400385369727628,0.26966100000000004,0.32,0.16717500000000002,0.0,0.2435875,,,
fraud_signal,fraud_00061,A,SYNTHETIC_FRAUD_LOW,MANUAL_REVIEW,STANDARD_SUPPORT,1,0,0.1900385369727628,0.6400385369727628,0.26966100000000004,0.32,0.16717500000000002,0.0,0.2435875,,,
fraud_signal,fraud_00061,B,SYNTHETIC_FRAUD_HIGH,AUTO_CLEAR,STANDARD_SUPPORT,0,0,0.1900385369727628,0.6400385369727628,0.26966100000000004,0.32,0.16717500000000002,0.0,0.2435875,,,
fraud_signal,fraud_00062,A,SYNTHETIC_FRAUD_LOW,MANUAL_REVIEW,STANDARD_SUPPORT,1,0,0.3083097869727628,0.7583097869727627,0.5700000000000001,0.75,0.0,1.0,0.375,,,
fraud_signal,fraud_00062,B,SYNTHETIC_FRAUD_HIGH,MANUAL_REVIEW,STANDARD_SUPPORT,1,0,0.3083097869727628,0.7583097869727627,0.5700000000000001,0.75,0.0,1.0,0.375,,,
fraud_signal,fraud_00063,A,SYNTHETIC_FRAUD_LOW,AUTO_CLEAR,STANDARD_SUPPORT,0,0,0.39676291197276276,0.8467629119727628,0.5695875,0.6,0.34656249999999994,1.0,0.47328125,,,
fraud_signal,fraud_00063,B,SYNTHETIC_FRAUD_HIGH,MANUAL_REVIEW,STANDARD_SUPPORT,1,0,0.39676291197276276,0.8467629119727628,0.5695875,0.6,0.34656249999999994,1.0,0.47328125,,,
fraud_signal,fraud_00064,A,SYNTHETIC_FRAUD_LOW,MANUAL_REVIEW,PRIORITY_SUPPORT,1,1,0.3484272869727628,0.7984272869727628,0.5446980000000001,0.525,0.31415000000000004,1.0,0.41957500000000003,,,
fraud_signal,fraud_00064,B,SYNTHETIC_FRAUD_HIGH,MANUAL_REVIEW,PRIORITY_SUPPORT,1,1,0.3484272869727628,0.7984272869727628,0.5446980000000001,0.525,0.31415000000000004,1.0,0.41957500000000003,,,
fraud_signal,fraud_00065,A,SYNTHETIC_FRAUD_LOW,AUTO_CLEAR,STANDARD_SUPPORT,0,0,0.24980978697276277,0.6998097869727627,0.2856,0.32,0.3,0.0,0.31,,,
fraud_signal,fraud_00065,B,SYNTHETIC_FRAUD_HIGH,MANUAL_REVIEW,STANDARD_SUPPORT,1,0,0.24980978697276277,0.6998097869727627,0.2856,0.32,0.3,0.0,0.31,,,
fraud_signal,fraud_00066,A,SYNTHETIC_FRAUD_LOW,AUTO_CLEAR,STANDARD_SUPPORT,0,0,0.24980978697276277,0.6998097869727627,0.2856,0.32,0.3,0.0,0.31,,,
fraud_signal,fraud_00066,B,SYNTHETIC_FRAUD_HIGH,MANUAL_REVIEW,STANDARD_SUPPORT,1,0,0.24980978697276277,0.6998097869727627,0.2856,0.32,0.3,0.0,0.31,,,
fraud_signal,fraud_00067,A,SYNTHETIC_FRAUD_LOW,AUTO_CLEAR,STANDARD_SUPPORT,0,0,0.24980978697276277,0.6998097869727627,0.2856,0.32,0.3,0.0,0.31,,,
fraud_signal,fraud_00067,B,SYNTHETIC_FRAUD_HIGH,AUTO_CLEAR,STANDARD_SUPPORT,0,0,0.24980978697276277,0.6998097869727627,0.2856,0.32,0.3,0.0,0.31,,,
fraud_signal,fraud_00068,A,SYNTHETIC_FRAUD_LOW,AUTO_CLEAR,PRIORITY_SUPPORT,0,1,0.2801847869727628,0.7301847869727628,0.2425,0.0,0.6875,0.0,0.34375,,,
fraud_signal,fraud_00068,B,SYNTHETIC_FRAUD_HIGH,MANUAL_REVIEW,PRIORITY_SUPPORT,1,1,0.2801847869727628,0.7301847869727628,0.2425,0.0,0.6875,0.0,0.34375,,,
fraud_signal,fraud_00069,A,SYNTHETIC_FRAUD_LOW,AUTO_CLEAR,STANDARD_SUPPORT,0,0,0.24980978697276277,0.6998097869727627,0.2856,0.32,0.3,0.0,0.31,,,
fraud_signal,fraud_00069,B,SYNTHETIC_FRAUD_HIGH,MANUAL_REVIEW,STANDARD_SUPPORT,1,0,0.24980978697276277,0.6998097869727627,0.2856,0.32,0.3,0.0,0.31,,,
fraud_signal,fraud_00070,A,SYNTHETIC_FRAUD_LOW,MANUAL_REVIEW,STANDARD_SUPPORT,1,0,0.5069735369727628,0.9569735369727628,0.378977,0.475,0.716475,0.0,0.5957375,,,
fraud_signal,fraud_00070,B,SYNTHETIC_FRAUD_HIGH,MANUAL_REVIEW,STANDARD_SUPPORT,1,0,0.5069735369727628,0.9569735369727628,0.378977,0.475,0.716475,0.0,0.5957375,,,
fraud_signal,fraud_00071,A,SYNTHETIC_FRAUD_LOW,AUTO_CLEAR,STANDARD_SUPPORT,0,0,0.12883291197276278,0.5788329119727628,0.2021395,0.0,0.35116250000000004,0.0,0.17558125000000002,,,
fraud_signal,fraud_00071,B,SYNTHETIC_FRAUD_HIGH,MANUAL_REVIEW,STANDARD_SUPPORT,1,0,0.12883291197276278,0.5788329119727628,0.2021395,0.0,0.35116250000000004,0.0,0.17558125000000002,,,
fraud_signal,fraud_00072,A,SYNTHETIC_FRAUD_LOW,AUTO_CLEAR,STANDARD_SUPPORT,0,0,0.07970978697276276,0.5297097869727627,0.38904,0.0,0.242,1.0,0.121,,,
fraud_signal,fraud_00072,B,SYNTHETIC_FRAUD_HIGH,MANUAL_REVIEW,STANDARD_SUPPORT,1,0,0.07970978697276276,0.5297097869727627,0.38904,0.0,0.242,1.0,0.121,,,
fraud_signal,fraud_00073,A,SYNTHETIC_FRAUD_LOW,AUTO_CLEAR,STANDARD_SUPPORT,0,0,0.4433097869727628,0.8933097869727629,0.6060000000000001,0.75,0.3,1.0,0.525,,,
fraud_signal,fraud_00073,B,SYNTHETIC_FRAUD_HIGH,MANUAL_REVIEW,STANDARD_SUPPORT,1,0,0.4433097869727628,0.8933097869727629,0.6060000000000001,0.75,0.3,1.0,0.525,,,
fraud_signal,fraud_00074,A,SYNTHETIC_FRAUD_LOW,MANUAL_REVIEW,PRIORITY_SUPPORT,1,1,0.5391260369727628,0.98,0.6715510000000001,1.0,0.26292499999999996,1.0,0.6314625,,,
fraud_signal,fraud_00074,B,SYNTHETIC_FRAUD_HIGH,MANUAL_REVIEW,PRIORITY_SUPPORT,1,1,0.5391260369727628,0.98,0.6715510000000001,1.0,0.26292499999999996,1.0,0.6314625,,,
fraud_signal,fraud_00075,A,SYNTHETIC_FRAUD_LOW,AUTO_CLEAR,STANDARD_SUPPORT,0,0,0.3252579119727628,0.7752579119727628,0.28651950000000004,0.2,0.5876625000000001,0.0,0.3938312500000001,,,
fraud_signal,fraud_00075,B,SYNTHETIC_FRAUD_HIGH,MANUAL_REVIEW,STANDARD_SUPPORT,1,0,0.3252579119727628,0.7752579119727628,0.28651950000000004,0.2,0.5876625000000001,0.0,0.3938312500000001,,,
fraud_signal,fraud_00076,A,SYNTHETIC_FRAUD_LOW,AUTO_CLEAR,STANDARD_SUPPORT,0,0,0.24980978697276277,0.6998097869727627,0.2856,0.32,0.3,0.0,0.31,,,
fraud_signal,fraud_00076,B,SYNTHETIC_FRAUD_HIGH,MANUAL_REVIEW,STANDARD_SUPPORT,1,0,0.24980978697276277,0.6998097869727627,0.2856,0.32,0.3,0.0,0.31,,,
fraud_signal,fraud_00077,A,SYNTHETIC_FRAUD_LOW,AUTO_CLEAR,STANDARD_SUPPORT,0,0,0.24980978697276277,0.6998097869727627,0.2856,0.32,0.3,0.0,0.31,,,
fraud_signal,fraud_00077,B,SYNTHETIC_FRAUD_HIGH,MANUAL_REVIEW,STANDARD_SUPPORT,1,0,0.24980978697276277,0.6998097869727627,0.2856,0.32,0.3,0.0,0.31,,,
fraud_signal,fraud_00078,A,SYNTHETIC_FRAUD_LOW,AUTO_CLEAR,PRIORITY_SUPPORT,0,1,0.19580978697276277,0.6458097869727628,0.22,0.0,0.5,0.0,0.25,,,
fraud_signal,fraud_00078,B,SYNTHETIC_FRAUD_HIGH,AUTO_CLEAR,PRIORITY_SUPPORT,0,1,0.19580978697276277,0.6458097869727628,0.22,0.0,0.5,0.0,0.25,,,
fraud_signal,fraud_00079,A,SYNTHETIC_FRAUD_LOW,AUTO_CLEAR,STANDARD_SUPPORT,0,0,0.43112041197276285,0.8811204119727628,0.3339495,0.32,0.7029125,0.0,0.5114562500000001,,,
fraud_signal,fraud_00079,B,SYNTHETIC_FRAUD_HIGH,MANUAL_REVIEW,STANDARD_SUPPORT,1,0,0.43112041197276285,0.8811204119727628,0.3339495,0.32,0.7029125,0.0,0.5114562500000001,,,
fraud_signal,fraud_00080,A,SYNTHETIC_FRAUD_LOW,MANUAL_REVIEW,STANDARD_SUPPORT,1,0,0.14493166197276278,0.5949316619727628,0.2064325,0.0,0.3869375,0.0,0.19346875,,,
fraud_signal,fraud_00080,B,SYNTHETIC_FRAUD_HIGH,AUTO_CLEAR,STANDARD_SUPPORT,0,0,0.14493166197276278,0.5949316619727628,0.2064325,0.0,0.3869375,0.0,0.19346875,,,
fraud_signal,fraud_00081,A,SYNTHETIC_FRAUD_LOW,MANUAL_REVIEW,STANDARD_SUPPORT,1,0,0.43149728697276285,0.8814972869727629,0.35885000000000006,0.475,0.5487500000000001,0.0,0.5118750000000001,,,
fraud_signal,fraud_00081,B,SYNTHETIC_FRAUD_HIGH,MANUAL_REVIEW,STANDARD_SUPPORT,1,0,0.43149728697276285,0.8814972869727629,0.35885000000000006,0.475,0.5487500000000001,0.0,0.5118750000000001,,,
fraud_signal,fraud_00082,A,SYNTHETIC_FRAUD_LOW,MANUAL_REVIEW,STANDARD_SUPPORT,1,0,0.5610804119727628,0.98,0.6134055,0.6,0.7117125,1.0,0.65585625,,,
fraud_signal,fraud_00082,B,SYNTHETIC_FRAUD_HIGH,MANUAL_REVIEW,STANDARD_SUPPORT,1,0,0.5610804119727628,0.98,0.6134055,0.6,0.7117125,1.0,0.65585625,,,
fraud_signal,fraud_00083,A,SYNTHETIC_FRAUD_LOW,MANUAL_REVIEW,STANDARD_SUPPORT,1,0,0.6458097869727628,0.98,0.45999999999999996,0.75,0.75,0.0,0.75,,,
fraud_signal,fraud_00083,B,SYNTHETIC_FRAUD_HIGH,MANUAL_REVIEW,STANDARD_SUPPORT,1,0,0.6458097869727628,0.98,0.45999999999999996,0.75,0.75,0.0,0.75,,,
fraud_signal,fraud_00084,A,SYNTHETIC_FRAUD_LOW,AUTO_CLEAR,PRIORITY_SUPPORT,0,1,0.24980978697276277,0.6998097869727627,0.2856,0.32,0.3,0.0,0.31,,,
fraud_signal,fraud_00084,B,SYNTHETIC_FRAUD_HIGH,AUTO_CLEAR,PRIORITY_SUPPORT,0,1,0.24980978697276277,0.6998097869727627,0.2856,0.32,0.3,0.0,0.31,,,
fraud_signal,fraud_00085,A,SYNTHETIC_FRAUD_LOW,AUTO_CLEAR,PRIORITY_SUPPORT,0,1,0.24980978697276277,0.6998097869727627,0.2856,0.32,0.3,0.0,0.31,,,
fraud_signal,fraud_00085,B,SYNTHETIC_FRAUD_HIGH,MANUAL_REVIEW,PRIORITY_SUPPORT,1,1,0.24980978697276277,0.6998097869727627,0.2856,0.32,0.3,0.0,0.31,,,
fraud_signal,fraud_00086,A,SYNTHETIC_FRAUD_LOW,AUTO_CLEAR,STANDARD_SUPPORT,0,0,0.16221728697276278,0.6122172869727628,0.24304200000000004,0.2,0.22535,0.0,0.212675,,,
fraud_signal,fraud_00086,B,SYNTHETIC_FRAUD_HIGH,AUTO_CLEAR,STANDARD_SUPPORT,0,0,0.16221728697276278,0.6122172869727628,0.24304200000000004,0.2,0.22535,0.0,0.212675,,,
fraud_signal,fraud_00087,A,SYNTHETIC_FRAUD_LOW,AUTO_CLEAR,STANDARD_SUPPORT,0,0,0.24980978697276277,0.6998097869727627,0.2856,0.32,0.3,0.0,0.31,,,
fraud_signal,fraud_00087,B,SYNTHETIC_FRAUD_HIGH,MANUAL_REVIEW,STANDARD_SUPPORT,1,0,0.24980978697276277,0.6998097869727627,0.2856,0.32,0.3,0.0,0.31,,,
fraud_signal,fraud_00088,A,SYNTHETIC_FRAUD_LOW,AUTO_CLEAR,STANDARD_SUPPORT,0,0,0.2835597869727628,0.7335597869727628,0.4946,0.32,0.375,1.0,0.34750000000000003,,,
fraud_signal,fraud_00088,B,SYNTHETIC_FRAUD_HIGH,MANUAL_REVIEW,STANDARD_SUPPORT,1,0,0.2835597869727628,0.7335597869727628,0.4946,0.32,0.375,1.0,0.34750000000000003,,,
fraud_signal,fraud_00089,A,SYNTHETIC_FRAUD_LOW,AUTO_CLEAR,STANDARD_SUPPORT,0,0,0.24980978697276277,0.6998097869727627,0.2856,0.32,0.3,0.0,0.31,,,
fraud_signal,fraud_00089,B,SYNTHETIC_FRAUD_HIGH,MANUAL_REVIEW,STANDARD_SUPPORT,1,0,0.24980978697276277,0.6998097869727627,0.2856,0.32,0.3,0.0,0.31,,,
fraud_signal,fraud_00090,A,SYNTHETIC_FRAUD_LOW,AUTO_CLEAR,STANDARD_SUPPORT,0,0,0.3031572869727628,0.7531572869727629,0.304626,0.35,0.38855000000000006,0.0,0.369275,,,
fraud_signal,fraud_00090,B,SYNTHETIC_FRAUD_HIGH,MANUAL_REVIEW,STANDARD_SUPPORT,1,0,0.3031572869727628,0.7531572869727629,0.304626,0.35,0.38855000000000006,0.0,0.369275,,,
fraud_signal,fraud_00091,A,SYNTHETIC_FRAUD_LOW,AUTO_CLEAR,PRIORITY_SUPPORT,0,1,0.24980978697276277,0.6998097869727627,0.2856,0.32,0.3,0.0,0.31,,,
fraud_signal,fraud_00091,B,SYNTHETIC_FRAUD_HIGH,MANUAL_REVIEW,PRIORITY_SUPPORT,1,1,0.24980978697276277,0.6998097869727627,0.2856,0.32,0.3,0.0,0.31,,,
fraud_signal,fraud_00092,A,SYNTHETIC_FRAUD_LOW,AUTO_CLEAR,PRIORITY_SUPPORT,0,1,0.24980978697276277,0.6998097869727627,0.2856,0.32,0.3,0.0,0.31,,,
fraud_signal,fraud_00092,B,SYNTHETIC_FRAUD_HIGH,MANUAL_REVIEW,PRIORITY_SUPPORT,1,1,0.24980978697276277,0.6998097869727627,0.2856,0.32,0.3,0.0,0.31,,,
fraud_signal,fraud_00093,A,SYNTHETIC_FRAUD_LOW,AUTO_CLEAR,STANDARD_SUPPORT,0,0,0.24775103697276282,0.6977510369727629,0.29785100000000003,0.4,0.21542500000000003,0.0,0.30771250000000006,,,
fraud_signal,fraud_00093,B,SYNTHETIC_FRAUD_HIGH,MANUAL_REVIEW,STANDARD_SUPPORT,1,0,0.24775103697276282,0.6977510369727629,0.29785100000000003,0.4,0.21542500000000003,0.0,0.30771250000000006,,,
fraud_signal,fraud_00094,A,SYNTHETIC_FRAUD_LOW,AUTO_CLEAR,STANDARD_SUPPORT,0,0,0.24980978697276277,0.6998097869727627,0.2856,0.32,0.3,0.0,0.31,,,
fraud_signal,fraud_00094,B,SYNTHETIC_FRAUD_HIGH,MANUAL_REVIEW,STANDARD_SUPPORT,1,0,0.24980978697276277,0.6998097869727627,0.2856,0.32,0.3,0.0,0.31,,,
fraud_signal,fraud_00095,A,SYNTHETIC_FRAUD_LOW,MANUAL_REVIEW,STANDARD_SUPPORT,1,0,0.28580978697276277,0.7358097869727628,0.276,0.2,0.5,0.0,0.35,,,
fraud_signal,fraud_00095,B,SYNTHETIC_FRAUD_HIGH,MANUAL_REVIEW,STANDARD_SUPPORT,1,0,0.28580978697276277,0.7358097869727628,0.276,0.2,0.5,0.0,0.35,,,
fraud_signal,fraud_00096,A,SYNTHETIC_FRAUD_LOW,AUTO_CLEAR,STANDARD_SUPPORT,0,0,0.13955978697276278,0.5895597869727628,0.265,0.375,0.0,0.0,0.1875,,,
fraud_signal,fraud_00096,B,SYNTHETIC_FRAUD_HIGH,AUTO_CLEAR,STANDARD_SUPPORT,0,0,0.13955978697276278,0.5895597869727628,0.265,0.375,0.0,0.0,0.1875,,,
fraud_signal,fraud_00097,A,SYNTHETIC_FRAUD_LOW,MANUAL_REVIEW,STANDARD_SUPPORT,1,0,0.24980978697276277,0.6998097869727627,0.2856,0.32,0.3,0.0,0.31,,,
fraud_signal,fraud_00097,B,SYNTHETIC_FRAUD_HIGH,AUTO_CLEAR,STANDARD_SUPPORT,0,0,0.24980978697276277,0.6998097869727627,0.2856,0.32,0.3,0.0,0.31,,,
fraud_signal,fraud_00098,A,SYNTHETIC_FRAUD_LOW,MANUAL_REVIEW,PRIORITY_SUPPORT,1,1,0.5108097869727628,0.9608097869727628,0.596,0.575,0.625,1.0,0.6,,,
fraud_signal,fraud_00098,B,SYNTHETIC_FRAUD_HIGH,MANUAL_REVIEW,PRIORITY_SUPPORT,1,1,0.5108097869727628,0.9608097869727628,0.596,0.575,0.625,1.0,0.6,,,
fraud_signal,fraud_00099,A,SYNTHETIC_FRAUD_LOW,AUTO_CLEAR,STANDARD_SUPPORT,0,0,0.24980978697276277,0.6998097869727627,0.2856,0.32,0.3,0.0,0.31,,,
fraud_signal,fraud_00099,B,SYNTHETIC_FRAUD_HIGH,MANUAL_REVIEW,STANDARD_SUPPORT,1,0,0.24980978697276277,0.6998097869727627,0.2856,0.32,0.3,0.0,0.31,,,
fraud_signal,fraud_00100,A,SYNTHETIC_FRAUD_LOW,MANUAL_REVIEW,PRIORITY_SUPPORT,1,1,0.5294904119727628,0.9794904119727628,0.6689815000000001,1.0,0.24151249999999996,1.0,0.62075625,,,
fraud_signal,fraud_00100,B,SYNTHETIC_FRAUD_HIGH,MANUAL_REVIEW,PRIORITY_SUPPORT,1,1,0.5294904119727628,0.9794904119727628,0.6689815000000001,1.0,0.24151249999999996,1.0,0.62075625,,,
fraud_signal,fraud_00101,A,SYNTHETIC_FRAUD_LOW,AUTO_CLEAR,PRIORITY_SUPPORT,0,1,0.24980978697276277,0.6998097869727627,0.2856,0.32,0.3,0.0,0.31,,,
fraud_signal,fraud_00101,B,SYNTHETIC_FRAUD_HIGH,MANUAL_REVIEW,PRIORITY_SUPPORT,1,1,0.24980978697276277,0.6998097869727627,0.2856,0.32,0.3,0.0,0.31,,,
fraud_signal,fraud_00102,A,SYNTHETIC_FRAUD_LOW,AUTO_CLEAR,STANDARD_SUPPORT,0,0,0.18255728697276274,0.6325572869727628,0.24846600000000002,0.2,0.27054999999999996,0.0,0.23527499999999998,,,
fraud_signal,fraud_00102,B,SYNTHETIC_FRAUD_HIGH,MANUAL_REVIEW,STANDARD_SUPPORT,1,0,0.18255728697276274,0.6325572869727628,0.24846600000000002,0.2,0.27054999999999996,0.0,0.23527499999999998,,,
fraud_signal,fraud_00103,A,SYNTHETIC_FRAUD_LOW,AUTO_CLEAR,STANDARD_SUPPORT,0,0,0.07018666197276277,0.5201866619727628,0.21850050000000001,0.2,0.02083750000000002,0.0,0.11041875000000001,,,
fraud_signal,fraud_00103,B,SYNTHETIC_FRAUD_HIGH,MANUAL_REVIEW,STANDARD_SUPPORT,1,0,0.07018666197276277,0.5201866619727628,0.21850050000000001,0.2,0.02083750000000002,0.0,0.11041875000000001,,,
fraud_signal,fraud_00104,A,SYNTHETIC_FRAUD_LOW,MANUAL_REVIEW,PRIORITY_SUPPORT,1,1,0.3870597869727628,0.8370597869727628,0.339,0.425,0.5,0.0,0.4625,,,
fraud_signal,fraud_00104,B,SYNTHETIC_FRAUD_HIGH,MANUAL_REVIEW,PRIORITY_SUPPORT,1,1,0.3870597869727628,0.8370597869727628,0.339,0.425,0.5,0.0,0.4625,,,
fraud_signal,fraud_00105,A,SYNTHETIC_FRAUD_LOW,AUTO_CLEAR,STANDARD_SUPPORT,0,0,0.3533097869727628,0.8033097869727628,0.318,0.35,0.5,0.0,0.425,,,
fraud_signal,fraud_00105,B,SYNTHETIC_FRAUD_HIGH,MANUAL_REVIEW,STANDARD_SUPPORT,1,0,0.3533097869727628,0.8033097869727628,0.318,0.35,0.5,0.0,0.425,,,
fraud_signal,fraud_00106,A,SYNTHETIC_FRAUD_LOW,AUTO_CLEAR,STANDARD_SUPPORT,0,0,0.27828916197276277,0.7282891619727627,0.2979945,0.35,0.33328749999999996,0.0,0.34164374999999997,,,
fraud_signal,fraud_00106,B,SYNTHETIC_FRAUD_HIGH,MANUAL_REVIEW,STANDARD_SUPPORT,1,0,0.27828916197276277,0.7282891619727627,0.2979945,0.35,0.33328749999999996,0.0,0.34164374999999997,,,
fraud_signal,fraud_00107,A,SYNTHETIC_FRAUD_LOW,MANUAL_REVIEW,STANDARD_SUPPORT,1,0,0.24980978697276277,0.6998097869727627,0.2856,0.32,0.3,0.0,0.31,,,
fraud_signal,fraud_00107,B,SYNTHETIC_FRAUD_HIGH,MANUAL_REVIEW,STANDARD_SUPPORT,1,0,0.24980978697276277,0.6998097869727627,0.2856,0.32,0.3,0.0,0.31,,,
fraud_signal,fraud_00108,A,SYNTHETIC_FRAUD_LOW,AUTO_CLEAR,STANDARD_SUPPORT,0,0,0.39830978697276276,0.8483097869727627,0.30600000000000005,0.2,0.75,0.0,0.475,,,
fraud_signal,fraud_00108,B,SYNTHETIC_FRAUD_HIGH,AUTO_CLEAR,STANDARD_SUPPORT,0,0,0.39830978697276276,0.8483097869727627,0.30600000000000005,0.2,0.75,0.0,0.475,,,
fraud_signal,fraud_00109,A,SYNTHETIC_FRAUD_LOW,AUTO_CLEAR,STANDARD_SUPPORT,0,0,0.0388497869727627,0.4888497869727627,0.178144,0.0,0.15119999999999995,0.0,0.07559999999999997,,,
fraud_signal,fraud_00109,B,SYNTHETIC_FRAUD_HIGH,AUTO_CLEAR,STANDARD_SUPPORT,0,0,0.0388497869727627,0.4888497869727627,0.178144,0.0,0.15119999999999995,0.0,0.07559999999999997,,,
fraud_signal,fraud_00110,A,SYNTHETIC_FRAUD_LOW,AUTO_CLEAR,STANDARD_SUPPORT,0,0,0.07014728697276276,0.5201472869727628,0.21849000000000002,0.2,0.020749999999999956,0.0,0.11037499999999999,,,
fraud_signal,fraud_00110,B,SYNTHETIC_FRAUD_HIGH,MANUAL_REVIEW,STANDARD_SUPPORT,1,0,0.07014728697276276,0.5201472869727628,0.21849000000000002,0.2,0.020749999999999956,0.0,0.11037499999999999,,,
fraud_signal,fraud_00111,A,SYNTHETIC_FRAUD_LOW,AUTO_CLEAR,STANDARD_SUPPORT,0,0,0.24980978697276277,0.6998097869727627,0.2856,0.32,0.3,0.0,0.31,,,
fraud_signal,fraud_00111,B,SYNTHETIC_FRAUD_HIGH,AUTO_CLEAR,STANDARD_SUPPORT,0,0,0.24980978697276277,0.6998097869727627,0.2856,0.32,0.3,0.0,0.31,,,
fraud_signal,fraud_00112,A,SYNTHETIC_FRAUD_LOW,AUTO_CLEAR,PRIORITY_SUPPORT,0,1,0.5484522869727628,0.98,0.6740380000000001,1.0,0.28365,1.0,0.641825,,,
fraud_signal,fraud_00112,B,SYNTHETIC_FRAUD_HIGH,MANUAL_REVIEW,PRIORITY_SUPPORT,1,1,0.5484522869727628,0.98,0.6740380000000001,1.0,0.28365,1.0,0.641825,,,
fraud_signal,fraud_00113,A,SYNTHETIC_FRAUD_LOW,MANUAL_REVIEW,STANDARD_SUPPORT,1,0,0.02,0.4304285369727628,0.16256500000000002,0.0,0.021375000000000012,0.0,0.010687500000000006,,,
fraud_signal,fraud_00113,B,SYNTHETIC_FRAUD_HIGH,AUTO_CLEAR,STANDARD_SUPPORT,0,0,0.02,0.4304285369727628,0.16256500000000002,0.0,0.021375000000000012,0.0,0.010687500000000006,,,
fraud_signal,fraud_00114,A,SYNTHETIC_FRAUD_LOW,MANUAL_REVIEW,PRIORITY_SUPPORT,1,1,0.24980978697276277,0.6998097869727627,0.2856,0.32,0.3,0.0,0.31,,,
fraud_signal,fraud_00114,B,SYNTHETIC_FRAUD_HIGH,MANUAL_REVIEW,PRIORITY_SUPPORT,1,1,0.24980978697276277,0.6998097869727627,0.2856,0.32,0.3,0.0,0.31,,,
fraud_signal,fraud_00115,A,SYNTHETIC_FRAUD_LOW,AUTO_CLEAR,STANDARD_SUPPORT,0,0,0.02,0.4433097869727628,0.166,0.0,0.05,0.0,0.025,,,
fraud_signal,fraud_00115,B,SYNTHETIC_FRAUD_HIGH,MANUAL_REVIEW,STANDARD_SUPPORT,1,0,0.02,0.4433097869727628,0.166,0.0,0.05,0.0,0.025,,,
fraud_signal,fraud_00116,A,SYNTHETIC_FRAUD_LOW,AUTO_CLEAR,PRIORITY_SUPPORT,0,1,0.5007804119727628,0.9507804119727628,0.6213255000000001,0.75,0.4277125,1.0,0.58885625,,,
fraud_signal,fraud_00116,B,SYNTHETIC_FRAUD_HIGH,MANUAL_REVIEW,PRIORITY_SUPPORT,1,1,0.5007804119727628,0.9507804119727628,0.6213255000000001,0.75,0.4277125,1.0,0.58885625,,,
fraud_signal,fraud_00117,A,SYNTHETIC_FRAUD_LOW,MANUAL_REVIEW,STANDARD_SUPPORT,1,0,0.5243097869727628,0.9743097869727628,0.46760000000000007,1.0,0.22999999999999998,0.0,0.615,,,
fraud_signal,fraud_00117,B,SYNTHETIC_FRAUD_HIGH,MANUAL_REVIEW,STANDARD_SUPPORT,1,0,0.5243097869727628,0.9743097869727628,0.46760000000000007,1.0,0.22999999999999998,0.0,0.615,,,
fraud_signal,fraud_00118,A,SYNTHETIC_FRAUD_LOW,MANUAL_REVIEW,STANDARD_SUPPORT,1,0,0.24980978697276277,0.6998097869727627,0.2856,0.32,0.3,0.0,0.31,,,
fraud_signal,fraud_00118,B,SYNTHETIC_FRAUD_HIGH,MANUAL_REVIEW,STANDARD_SUPPORT,1,0,0.24980978697276277,0.6998097869727627,0.2856,0.32,0.3,0.0,0.31,,,
fraud_signal,fraud_00119,A,SYNTHETIC_FRAUD_LOW,AUTO_CLEAR,PRIORITY_SUPPORT,0,1,0.10659728697276277,0.5565972869727628,0.39621,0.0,0.30175,1.0,0.150875,,,
fraud_signal,fraud_00119,B,SYNTHETIC_FRAUD_HIGH,AUTO_CLEAR,PRIORITY_SUPPORT,0,1,0.10659728697276277,0.5565972869727628,0.39621,0.0,0.30175,1.0,0.150875,,,
fraud_signal,fraud_00120,A,SYNTHETIC_FRAUD_LOW,AUTO_CLEAR,PRIORITY_SUPPORT,0,1,0.24980978697276277,0.6998097869727627,0.2856,0.32,0.3,0.0,0.31,,,
fraud_signal,fraud_00120,B,SYNTHETIC_FRAUD_HIGH,MANUAL_REVIEW,PRIORITY_SUPPORT,1,1,0.24980978697276277,0.6998097869727627,0.2856,0.32,0.3,0.0,0.31,,,
fraud_signal,fraud_00121,A,SYNTHETIC_FRAUD_LOW,AUTO_CLEAR,PRIORITY_SUPPORT,0,1,0.4489347869727628,0.8989347869727629,0.36750000000000005,0.5,0.5625,0.0,0.53125,,,
fraud_signal,fraud_00121,B,SYNTHETIC_FRAUD_HIGH,MANUAL_REVIEW,PRIORITY_SUPPORT,1,1,0.4489347869727628,0.8989347869727629,0.36750000000000005,0.5,0.5625,0.0,0.53125,,,
fraud_signal,fraud_00122,A,SYNTHETIC_FRAUD_LOW,AUTO_CLEAR,STANDARD_SUPPORT,0,0,0.40955978697276274,0.8595597869727628,0.35300000000000004,0.475,0.5,0.0,0.4875,,,
fraud_signal,fraud_00122,B,SYNTHETIC_FRAUD_HIGH,MANUAL_REVIEW,STANDARD_SUPPORT,1,0,0.40955978697276274,0.8595597869727628,0.35300000000000004,0.475,0.5,0.0,0.4875,,,
fraud_signal,fraud_00123,A,SYNTHETIC_FRAUD_LOW,AUTO_CLEAR,STANDARD_SUPPORT,0,0,0.4433097869727628,0.8933097869727629,0.37400000000000005,0.55,0.5,0.0,0.525,,,
fraud_signal,fraud_00123,B,SYNTHETIC_FRAUD_HIGH,AUTO_CLEAR,STANDARD_SUPPORT,0,0,0.4433097869727628,0.8933097869727629,0.37400000000000005,0.55,0.5,0.0,0.525,,,
fraud_signal,fraud_00124,A,SYNTHETIC_FRAUD_LOW,MANUAL_REVIEW,STANDARD_SUPPORT,1,0,0.4433097869727628,0.8933097869727629,0.37400000000000005,0.55,0.5,0.0,0.525,,,
fraud_signal,fraud_00124,B,SYNTHETIC_FRAUD_HIGH,MANUAL_REVIEW,STANDARD_SUPPORT,1,0,0.4433097869727628,0.8933097869727629,0.37400000000000005,0.55,0.5,0.0,0.525,,,
fraud_signal,fraud_00125,A,SYNTHETIC_FRAUD_LOW,AUTO_CLEAR,PRIORITY_SUPPORT,0,1,0.25205978697276277,0.7020597869727628,0.235,0.0,0.625,0.0,0.3125,,,
fraud_signal,fraud_00125,B,SYNTHETIC_FRAUD_HIGH,MANUAL_REVIEW,PRIORITY_SUPPORT,1,1,0.25205978697276277,0.7020597869727628,0.235,0.0,0.625,0.0,0.3125,,,
fraud_signal,fraud_00126,A,SYNTHETIC_FRAUD_LOW,MANUAL_REVIEW,STANDARD_SUPPORT,1,0,0.4151847869727628,0.8651847869727628,0.3265,0.3,0.6875,0.0,0.49375,,,
fraud_signal,fraud_00126,B,SYNTHETIC_FRAUD_HIGH,MANUAL_REVIEW,STANDARD_SUPPORT,1,0,0.4151847869727628,0.8651847869727628,0.3265,0.3,0.6875,0.0,0.49375,,,
fraud_signal,fraud_00127,A,SYNTHETIC_FRAUD_LOW,AUTO_CLEAR,PRIORITY_SUPPORT,0,1,0.2633097869727628,0.7133097869727628,0.28200000000000003,0.275,0.375,0.0,0.325,,,
fraud_signal,fraud_00127,B,SYNTHETIC_FRAUD_HIGH,MANUAL_REVIEW,PRIORITY_SUPPORT,1,1,0.2633097869727628,0.7133097869727628,0.28200000000000003,0.275,0.375,0.0,0.325,,,
fraud_signal,fraud_00128,A,SYNTHETIC_FRAUD_LOW,AUTO_CLEAR,STANDARD_SUPPORT,0,0,0.24980978697276277,0.6998097869727627,0.2856,0.32,0.3,0.0,0.31,,,
fraud_signal,fraud_00128,B,SYNTHETIC_FRAUD_HIGH,AUTO_CLEAR,STANDARD_SUPPORT,0,0,0.24980978697276277,0.6998097869727627,0.2856,0.32,0.3,0.0,0.31,,,
fraud_signal,fraud_00129,A,SYNTHETIC_FRAUD_LOW,AUTO_CLEAR,PRIORITY_SUPPORT,0,1,0.7020597869727627,0.98,0.7150000000000001,1.0,0.625,1.0,0.8125,,,
fraud_signal,fraud_00129,B,SYNTHETIC_FRAUD_HIGH,MANUAL_REVIEW,PRIORITY_SUPPORT,1,1,0.7020597869727627,0.98,0.7150000000000001,1.0,0.625,1.0,0.8125,,,
fraud_signal,fraud_00130,A,SYNTHETIC_FRAUD_LOW,AUTO_CLEAR,STANDARD_SUPPORT,0,0,0.24980978697276277,0.6998097869727627,0.2856,0.32,0.3,0.0,0.31,,,
fraud_signal,fraud_00130,B,SYNTHETIC_FRAUD_HIGH,MANUAL_REVIEW,STANDARD_SUPPORT,1,0,0.24980978697276277,0.6998097869727627,0.2856,0.32,0.3,0.0,0.31,,,
fraud_signal,fraud_00131,A,SYNTHETIC_FRAUD_LOW,AUTO_CLEAR,STANDARD_SUPPORT,0,0,0.24980978697276277,0.6998097869727627,0.2856,0.32,0.3,0.0,0.31,,,
fraud_signal,fraud_00131,B,SYNTHETIC_FRAUD_HIGH,MANUAL_REVIEW,STANDARD_SUPPORT,1,0,0.24980978697276277,0.6998097869727627,0.2856,0.32,0.3,0.0,0.31,,,
fraud_signal,fraud_00132,A,SYNTHETIC_FRAUD_LOW,AUTO_CLEAR,PRIORITY_SUPPORT,0,1,0.22883978697276278,0.6788397869727628,0.46080800000000005,0.2,0.3734,1.0,0.2867,,,
fraud_signal,fraud_00132,B,SYNTHETIC_FRAUD_HIGH,MANUAL_REVIEW,PRIORITY_SUPPORT,1,1,0.22883978697276278,0.6788397869727628,0.46080800000000005,0.2,0.3734,1.0,0.2867,,,
fraud_signal,fraud_00133,A,SYNTHETIC_FRAUD_LOW,AUTO_CLEAR,STANDARD_SUPPORT,0,0,0.19580978697276277,0.6458097869727628,0.22,0.0,0.5,0.0,0.25,,,
fraud_signal,fraud_00133,B,SYNTHETIC_FRAUD_HIGH,MANUAL_REVIEW,STANDARD_SUPPORT,1,0,0.19580978697276277,0.6458097869727628,0.22,0.0,0.5,0.0,0.25,,,
fraud_signal,fraud_00134,A,SYNTHETIC_FRAUD_LOW,AUTO_CLEAR,STANDARD_SUPPORT,0,0,0.06080978697276279,0.5108097869727628,0.21600000000000003,0.2,0.0,0.0,0.1,,,
fraud_signal,fraud_00134,B,SYNTHETIC_FRAUD_HIGH,AUTO_CLEAR,STANDARD_SUPPORT,0,0,0.06080978697276279,0.5108097869727628,0.21600000000000003,0.2,0.0,0.0,0.1,,,
fraud_signal,fraud_00135,A,SYNTHETIC_FRAUD_LOW,AUTO_CLEAR,PRIORITY_SUPPORT,0,1,0.29649728697276273,0.7464972869727627,0.32285,0.475,0.24874999999999997,0.0,0.36187499999999995,,,
fraud_signal,fraud_00135,B,SYNTHETIC_FRAUD_HIGH,MANUAL_REVIEW,PRIORITY_SUPPORT,1,1,0.29649728697276273,0.7464972869727627,0.32285,0.475,0.24874999999999997,0.0,0.36187499999999995,,,
fraud_signal,fraud_00136,A,SYNTHETIC_FRAUD_LOW,AUTO_CLEAR,STANDARD_SUPPORT,0,0,0.25065353697276277,0.7006535369727628,0.29862500000000003,0.4,0.221875,0.0,0.3109375,,,
fraud_signal,fraud_00136,B,SYNTHETIC_FRAUD_HIGH,MANUAL_REVIEW,STANDARD_SUPPORT,1,0,0.25065353697276277,0.7006535369727628,0.29862500000000003,0.4,0.221875,0.0,0.3109375,,,
fraud_signal,fraud_00137,A,SYNTHETIC_FRAUD_LOW,MANUAL_REVIEW,STANDARD_SUPPORT,1,0,0.24980978697276277,0.6998097869727627,0.2856,0.32,0.3,0.0,0.31,,,
fraud_signal,fraud_00137,B,SYNTHETIC_FRAUD_HIGH,MANUAL_REVIEW,STANDARD_SUPPORT,1,0,0.24980978697276277,0.6998097869727627,0.2856,0.32,0.3,0.0,0.31,,,
fraud_signal,fraud_00138,A,SYNTHETIC_FRAUD_LOW,MANUAL_REVIEW,PRIORITY_SUPPORT,1,1,0.24980978697276277,0.6998097869727627,0.2856,0.32,0.3,0.0,0.31,,,
fraud_signal,fraud_00138,B,SYNTHETIC_FRAUD_HIGH,MANUAL_REVIEW,PRIORITY_SUPPORT,1,1,0.24980978697276277,0.6998097869727627,0.2856,0.32,0.3,0.0,0.31,,,
fraud_signal,fraud_00139,A,SYNTHETIC_FRAUD_LOW,AUTO_CLEAR,STANDARD_SUPPORT,0,0,0.24980978697276277,0.6998097869727627,0.2856,0.32,0.3,0.0,0.31,,,
fraud_signal,fraud_00139,B,SYNTHETIC_FRAUD_HIGH,AUTO_CLEAR,STANDARD_SUPPORT,0,0,0.24980978697276277,0.6998097869727627,0.2856,0.32,0.3,0.0,0.31,,,
fraud_signal,fraud_00140,A,SYNTHETIC_FRAUD_LOW,AUTO_CLEAR,STANDARD_SUPPORT,0,0,0.02,0.44949728697276276,0.16765,0.0,0.06375000000000001,0.0,0.03187500000000001,,,
fraud_signal,fraud_00140,B,SYNTHETIC_FRAUD_HIGH,MANUAL_REVIEW,STANDARD_SUPPORT,1,0,0.02,0.44949728697276276,0.16765,0.0,0.06375000000000001,0.0,0.03187500000000001,,,
fraud_signal,fraud_00141,A,SYNTHETIC_FRAUD_LOW,MANUAL_REVIEW,STANDARD_SUPPORT,1,0,0.24980978697276277,0.6998097869727627,0.2856,0.32,0.3,0.0,0.31,,,
fraud_signal,fraud_00141,B,SYNTHETIC_FRAUD_HIGH,AUTO_CLEAR,STANDARD_SUPPORT,0,0,0.24980978697276277,0.6998097869727627,0.2856,0.32,0.3,0.0,0.31,,,
fraud_signal,fraud_00142,A,SYNTHETIC_FRAUD_LOW,AUTO_CLEAR,STANDARD_SUPPORT,0,0,0.24980978697276277,0.6998097869727627,0.2856,0.32,0.3,0.0,0.31,,,
fraud_signal,fraud_00142,B,SYNTHETIC_FRAUD_HIGH,MANUAL_REVIEW,STANDARD_SUPPORT,1,0,0.24980978697276277,0.6998097869727627,0.2856,0.32,0.3,0.0,0.31,,,
fraud_signal,fraud_00143,A,SYNTHETIC_FRAUD_LOW,AUTO_CLEAR,PRIORITY_SUPPORT,0,1,0.29143478697276276,0.7414347869727628,0.28950000000000004,0.275,0.4375,0.0,0.35625,,,
fraud_signal,fraud_00143,B,SYNTHETIC_FRAUD_HIGH,MANUAL_REVIEW,PRIORITY_SUPPORT,1,1,0.29143478697276276,0.7414347869727628,0.28950000000000004,0.275,0.4375,0.0,0.35625,,,
fraud_signal,fraud_00144,A,SYNTHETIC_FRAUD_LOW,AUTO_CLEAR,STANDARD_SUPPORT,0,0,0.22955978697276275,0.6795597869727628,0.281,0.325,0.25,0.0,0.2875,,,
fraud_signal,fraud_00144,B,SYNTHETIC_FRAUD_HIGH,MANUAL_REVIEW,STANDARD_SUPPORT,1,0,0.22955978697276275,0.6795597869727628,0.281,0.325,0.25,0.0,0.2875,,,
fraud_signal,fraud_00145,A,SYNTHETIC_FRAUD_LOW,AUTO_CLEAR,PRIORITY_SUPPORT,0,1,0.24980978697276277,0.6998097869727627,0.2856,0.32,0.3,0.0,0.31,,,
fraud_signal,fraud_00145,B,SYNTHETIC_FRAUD_HIGH,AUTO_CLEAR,PRIORITY_SUPPORT,0,1,0.24980978697276277,0.6998097869727627,0.2856,0.32,0.3,0.0,0.31,,,
fraud_signal,fraud_00146,A,SYNTHETIC_FRAUD_LOW,AUTO_CLEAR,PRIORITY_SUPPORT,0,1,0.06080978697276279,0.5108097869727628,0.41600000000000004,0.2,0.0,1.0,0.1,,,
fraud_signal,fraud_00146,B,SYNTHETIC_FRAUD_HIGH,MANUAL_REVIEW,PRIORITY_SUPPORT,1,1,0.06080978697276279,0.5108097869727628,0.41600000000000004,0.2,0.0,1.0,0.1,,,
fraud_signal,fraud_00147,A,SYNTHETIC_FRAUD_LOW,MANUAL_REVIEW,PRIORITY_SUPPORT,1,1,0.24980978697276277,0.6998097869727627,0.2856,0.32,0.3,0.0,0.31,,,
fraud_signal,fraud_00147,B,SYNTHETIC_FRAUD_HIGH,MANUAL_REVIEW,PRIORITY_SUPPORT,1,1,0.24980978697276277,0.6998097869727627,0.2856,0.32,0.3,0.0,0.31,,,
fraud_signal,fraud_00148,A,SYNTHETIC_FRAUD_LOW,AUTO_CLEAR,STANDARD_SUPPORT,0,0,0.24980978697276277,0.6998097869727627,0.2856,0.32,0.3,0.0,0.31,,,
fraud_signal,fraud_00148,B,SYNTHETIC_FRAUD_HIGH,MANUAL_REVIEW,STANDARD_SUPPORT,1,0,0.24980978697276277,0.6998097869727627,0.2856,0.32,0.3,0.0,0.31,,,
fraud_signal,fraud_00149,A,SYNTHETIC_FRAUD_LOW,AUTO_CLEAR,STANDARD_SUPPORT,0,0,0.24980978697276277,0.6998097869727627,0.2856,0.32,0.3,0.0,0.31,,,
fraud_signal,fraud_00149,B,SYNTHETIC_FRAUD_HIGH,MANUAL_REVIEW,STANDARD_SUPPORT,1,0,0.24980978697276277,0.6998097869727627,0.2856,0.32,0.3,0.0,0.31,,,
fraud_signal,fraud_00150,A,SYNTHETIC_FRAUD_LOW,AUTO_CLEAR,STANDARD_SUPPORT,0,0,0.24980978697276277,0.6998097869727627,0.2856,0.32,0.3,0.0,0.31,,,
fraud_signal,fraud_00150,B,SYNTHETIC_FRAUD_HIGH,AUTO_CLEAR,STANDARD_SUPPORT,0,0,0.24980978697276277,0.6998097869727627,0.2856,0.32,0.3,0.0,0.31,,,
fraud_signal,fraud_00151,A,SYNTHETIC_FRAUD_LOW,MANUAL_REVIEW,PRIORITY_SUPPORT,1,1,0.47772916197276283,0.9277291619727628,0.3671785,0.45,0.6764875,0.0,0.56324375,,,
fraud_signal,fraud_00151,B,SYNTHETIC_FRAUD_HIGH,MANUAL_REVIEW,PRIORITY_SUPPORT,1,1,0.47772916197276283,0.9277291619727628,0.3671785,0.45,0.6764875,0.0,0.56324375,,,
fraud_signal,fraud_00152,A,SYNTHETIC_FRAUD_LOW,AUTO_CLEAR,STANDARD_SUPPORT,0,0,0.3814347869727628,0.8314347869727629,0.3015,0.2,0.7125,0.0,0.45625000000000004,,,
fraud_signal,fraud_00152,B,SYNTHETIC_FRAUD_HIGH,MANUAL_REVIEW,STANDARD_SUPPORT,1,0,0.3814347869727628,0.8314347869727629,0.3015,0.2,0.7125,0.0,0.45625000000000004,,,
fraud_signal,fraud_00153,A,SYNTHETIC_FRAUD_LOW,AUTO_CLEAR,STANDARD_SUPPORT,0,0,0.09455978697276277,0.5445597869727627,0.23700000000000002,0.275,0.0,0.0,0.1375,,,
fraud_signal,fraud_00153,B,SYNTHETIC_FRAUD_HIGH,MANUAL_REVIEW,STANDARD_SUPPORT,1,0,0.09455978697276277,0.5445597869727627,0.23700000000000002,0.275,0.0,0.0,0.1375,,,
fraud_signal,fraud_00154,A,SYNTHETIC_FRAUD_LOW,AUTO_CLEAR,STANDARD_SUPPORT,0,0,0.21460853697276278,0.6646085369727628,0.22501300000000002,0.0,0.541775,0.0,0.2708875,,,
fraud_signal,fraud_00154,B,SYNTHETIC_FRAUD_HIGH,MANUAL_REVIEW,STANDARD_SUPPORT,1,0,0.21460853697276278,0.6646085369727628,0.22501300000000002,0.0,0.541775,0.0,0.2708875,,,
fraud_signal,fraud_00155,A,SYNTHETIC_FRAUD_LOW,MANUAL_REVIEW,PRIORITY_SUPPORT,1,1,0.5220597869727628,0.9720597869727629,0.403,0.6,0.625,0.0,0.6125,,,
fraud_signal,fraud_00155,B,SYNTHETIC_FRAUD_HIGH,MANUAL_REVIEW,PRIORITY_SUPPORT,1,1,0.5220597869727628,0.9720597869727629,0.403,0.6,0.625,0.0,0.6125,,,
fraud_signal,fraud_00156,A,SYNTHETIC_FRAUD_LOW,AUTO_CLEAR,PRIORITY_SUPPORT,0,1,0.24980978697276277,0.6998097869727627,0.2856,0.32,0.3,0.0,0.31,,,
fraud_signal,fraud_00156,B,SYNTHETIC_FRAUD_HIGH,MANUAL_REVIEW,PRIORITY_SUPPORT,1,1,0.24980978697276277,0.6998097869727627,0.2856,0.32,0.3,0.0,0.31,,,
fraud_signal,fraud_00157,A,SYNTHETIC_FRAUD_LOW,AUTO_CLEAR,PRIORITY_SUPPORT,0,1,0.2835597869727628,0.7335597869727628,0.4946,0.32,0.375,1.0,0.34750000000000003,,,
fraud_signal,fraud_00157,B,SYNTHETIC_FRAUD_HIGH,MANUAL_REVIEW,PRIORITY_SUPPORT,1,1,0.2835597869727628,0.7335597869727628,0.4946,0.32,0.375,1.0,0.34750000000000003,,,
fraud_signal,fraud_00158,A,SYNTHETIC_FRAUD_LOW,AUTO_CLEAR,STANDARD_SUPPORT,0,0,0.1620204119727628,0.6120204119727628,0.2669895,0.35,0.07491250000000002,0.0,0.21245625,,,
fraud_signal,fraud_00158,B,SYNTHETIC_FRAUD_HIGH,MANUAL_REVIEW,STANDARD_SUPPORT,1,0,0.1620204119727628,0.6120204119727628,0.2669895,0.35,0.07491250000000002,0.0,0.21245625,,,
fraud_signal,fraud_00159,A,SYNTHETIC_FRAUD_LOW,AUTO_CLEAR,STANDARD_SUPPORT,0,0,0.24980978697276277,0.6998097869727627,0.2856,0.32,0.3,0.0,0.31,,,
fraud_signal,fraud_00159,B,SYNTHETIC_FRAUD_HIGH,MANUAL_REVIEW,STANDARD_SUPPORT,1,0,0.24980978697276277,0.6998097869727627,0.2856,0.32,0.3,0.0,0.31,,,
fraud_signal,fraud_00160,A,SYNTHETIC_FRAUD_LOW,AUTO_CLEAR,STANDARD_SUPPORT,0,0,0.3015766619727628,0.7515766619727627,0.3042045,0.35,0.3850375,0.0,0.36751875,,,
fraud_signal,fraud_00160,B,SYNTHETIC_FRAUD_HIGH,MANUAL_REVIEW,STANDARD_SUPPORT,1,0,0.3015766619727628,0.7515766619727627,0.3042045,0.35,0.3850375,0.0,0.36751875,,,
fraud_signal,fraud_00161,A,SYNTHETIC_FRAUD_LOW,AUTO_CLEAR,STANDARD_SUPPORT,0,0,0.22607228697276271,0.6760722869727628,0.42806999999999995,0.0,0.5672499999999999,1.0,0.28362499999999996,,,
fraud_signal,fraud_00161,B,SYNTHETIC_FRAUD_HIGH,MANUAL_REVIEW,STANDARD_SUPPORT,1,0,0.22607228697276271,0.6760722869727628,0.42806999999999995,0.0,0.5672499999999999,1.0,0.28362499999999996,,,
fraud_signal,fraud_00162,A,SYNTHETIC_FRAUD_LOW,AUTO_CLEAR,STANDARD_SUPPORT,0,0,0.5956347869727627,0.98,0.6866200000000001,1.0,0.38849999999999996,1.0,0.69425,,,
fraud_signal,fraud_00162,B,SYNTHETIC_FRAUD_HIGH,MANUAL_REVIEW,STANDARD_SUPPORT,1,0,0.5956347869727627,0.98,0.6866200000000001,1.0,0.38849999999999996,1.0,0.69425,,,
fraud_signal,fraud_00163,A,SYNTHETIC_FRAUD_LOW,AUTO_CLEAR,PRIORITY_SUPPORT,0,1,0.27838478697276275,0.7283847869727628,0.29322000000000004,0.32,0.3635,0.0,0.34175,,,
fraud_signal,fraud_00163,B,SYNTHETIC_FRAUD_HIGH,MANUAL_REVIEW,PRIORITY_SUPPORT,1,1,0.27838478697276275,0.7283847869727628,0.29322000000000004,0.32,0.3635,0.0,0.34175,,,
fraud_signal,fraud_00164,A,SYNTHETIC_FRAUD_LOW,MANUAL_REVIEW,PRIORITY_SUPPORT,1,1,0.5220597869727628,0.9720597869727629,0.403,0.6,0.625,0.0,0.6125,,,
fraud_signal,fraud_00164,B,SYNTHETIC_FRAUD_HIGH,MANUAL_REVIEW,PRIORITY_SUPPORT,1,1,0.5220597869727628,0.9720597869727629,0.403,0.6,0.625,0.0,0.6125,,,
fraud_signal,fraud_00165,A,SYNTHETIC_FRAUD_LOW,AUTO_CLEAR,PRIORITY_SUPPORT,0,1,0.24980978697276277,0.6998097869727627,0.2856,0.32,0.3,0.0,0.31,,,
fraud_signal,fraud_00165,B,SYNTHETIC_FRAUD_HIGH,MANUAL_REVIEW,PRIORITY_SUPPORT,1,1,0.24980978697276277,0.6998097869727627,0.2856,0.32,0.3,0.0,0.31,,,
fraud_signal,fraud_00166,A,SYNTHETIC_FRAUD_LOW,AUTO_CLEAR,PRIORITY_SUPPORT,0,1,0.1553491619727628,0.6053491619727628,0.2572105,0.3,0.11008750000000003,0.0,0.20504375000000002,,,
fraud_signal,fraud_00166,B,SYNTHETIC_FRAUD_HIGH,AUTO_CLEAR,PRIORITY_SUPPORT,0,1,0.1553491619727628,0.6053491619727628,0.2572105,0.3,0.11008750000000003,0.0,0.20504375000000002,,,
fraud_signal,fraud_00167,A,SYNTHETIC_FRAUD_LOW,MANUAL_REVIEW,PRIORITY_SUPPORT,1,1,0.5051847869727628,0.9551847869727628,0.38250000000000006,0.5,0.6875,0.0,0.59375,,,
fraud_signal,fraud_00167,B,SYNTHETIC_FRAUD_HIGH,MANUAL_REVIEW,PRIORITY_SUPPORT,1,1,0.5051847869727628,0.9551847869727628,0.38250000000000006,0.5,0.6875,0.0,0.59375,,,
fraud_signal,fraud_00168,A,SYNTHETIC_FRAUD_LOW,AUTO_CLEAR,PRIORITY_SUPPORT,0,1,0.3083097869727628,0.7583097869727627,0.5700000000000001,0.75,0.0,1.0,0.375,,,
fraud_signal,fraud_00168,B,SYNTHETIC_FRAUD_HIGH,MANUAL_REVIEW,PRIORITY_SUPPORT,1,1,0.3083097869727628,0.7583097869727627,0.5700000000000001,0.75,0.0,1.0,0.375,,,
fraud_signal,fraud_00169,A,SYNTHETIC_FRAUD_LOW,MANUAL_REVIEW,STANDARD_SUPPORT,1,0,0.5333097869727628,0.98,0.43,0.75,0.5,0.0,0.625,,,
fraud_signal,fraud_00169,B,SYNTHETIC_FRAUD_HIGH,MANUAL_REVIEW,STANDARD_SUPPORT,1,0,0.5333097869727628,0.98,0.43,0.75,0.5,0.0,0.625,,,
fraud_signal,fraud_00170,A,SYNTHETIC_FRAUD_LOW,AUTO_CLEAR,PRIORITY_SUPPORT,0,1,0.5950947869727627,0.98,0.646476,0.75,0.6373,1.0,0.69365,,,
fraud_signal,fraud_00170,B,SYNTHETIC_FRAUD_HIGH,MANUAL_REVIEW,PRIORITY_SUPPORT,1,1,0.5950947869727627,0.98,0.646476,0.75,0.6373,1.0,0.69365,,,
fraud_signal,fraud_00171,A,SYNTHETIC_FRAUD_LOW,MANUAL_REVIEW,STANDARD_SUPPORT,1,0,0.11480978697276278,0.5648097869727629,0.4496,0.32,0.0,1.0,0.16,,,
fraud_signal,fraud_00171,B,SYNTHETIC_FRAUD_HIGH,AUTO_CLEAR,STANDARD_SUPPORT,0,0,0.11480978697276278,0.5648097869727629,0.4496,0.32,0.0,1.0,0.16,,,
fraud_signal,fraud_00172,A,SYNTHETIC_FRAUD_LOW,AUTO_CLEAR,STANDARD_SUPPORT,0,0,0.24980978697276277,0.6998097869727627,0.2856,0.32,0.3,0.0,0.31,,,
fraud_signal,fraud_00172,B,SYNTHETIC_FRAUD_HIGH,MANUAL_REVIEW,STANDARD_SUPPORT,1,0,0.24980978697276277,0.6998097869727627,0.2856,0.32,0.3,0.0,0.31,,,
fraud_signal,fraud_00173,A,SYNTHETIC_FRAUD_LOW,AUTO_CLEAR,STANDARD_SUPPORT,0,0,0.14486416197276275,0.5948641619727628,0.2064145,0.0,0.38678749999999995,0.0,0.19339374999999998,,,
fraud_signal,fraud_00173,B,SYNTHETIC_FRAUD_HIGH,AUTO_CLEAR,STANDARD_SUPPORT,0,0,0.14486416197276275,0.5948641619727628,0.2064145,0.0,0.38678749999999995,0.0,0.19339374999999998,,,
fraud_signal,fraud_00174,A,SYNTHETIC_FRAUD_LOW,AUTO_CLEAR,PRIORITY_SUPPORT,0,1,0.02,0.4208097869727628,0.16,0.0,0.0,0.0,0.0,,,
fraud_signal,fraud_00174,B,SYNTHETIC_FRAUD_HIGH,MANUAL_REVIEW,PRIORITY_SUPPORT,1,1,0.02,0.4208097869727628,0.16,0.0,0.0,0.0,0.0,,,
fraud_signal,fraud_00175,A,SYNTHETIC_FRAUD_LOW,AUTO_CLEAR,STANDARD_SUPPORT,0,0,0.24980978697276277,0.6998097869727627,0.2856,0.32,0.3,0.0,0.31,,,
fraud_signal,fraud_00175,B,SYNTHETIC_FRAUD_HIGH,MANUAL_REVIEW,STANDARD_SUPPORT,1,0,0.24980978697276277,0.6998097869727627,0.2856,0.32,0.3,0.0,0.31,,,
fraud_signal,fraud_00176,A,SYNTHETIC_FRAUD_LOW,MANUAL_REVIEW,PRIORITY_SUPPORT,1,1,0.15829103697276278,0.6082910369727628,0.24199500000000002,0.2,0.21662499999999998,0.0,0.2083125,,,
fraud_signal,fraud_00176,B,SYNTHETIC_FRAUD_HIGH,MANUAL_REVIEW,PRIORITY_SUPPORT,1,1,0.15829103697276278,0.6082910369727628,0.24199500000000002,0.2,0.21662499999999998,0.0,0.2083125,,,
fraud_signal,fraud_00177,A,SYNTHETIC_FRAUD_LOW,AUTO_CLEAR,STANDARD_SUPPORT,0,0,0.24980978697276277,0.6998097869727627,0.2856,0.32,0.3,0.0,0.31,,,
fraud_signal,fraud_00177,B,SYNTHETIC_FRAUD_HIGH,MANUAL_REVIEW,STANDARD_SUPPORT,1,0,0.24980978697276277,0.6998097869727627,0.2856,0.32,0.3,0.0,0.31,,,
fraud_signal,fraud_00178,A,SYNTHETIC_FRAUD_LOW,MANUAL_REVIEW,STANDARD_SUPPORT,1,0,0.5613785369727626,0.98,0.6374850000000001,0.75,0.562375,1.0,0.6561874999999999,,,
fraud_signal,fraud_00178,B,SYNTHETIC_FRAUD_HIGH,MANUAL_REVIEW,STANDARD_SUPPORT,1,0,0.5613785369727626,0.98,0.6374850000000001,0.75,0.562375,1.0,0.6561874999999999,,,
fraud_signal,fraud_00179,A,SYNTHETIC_FRAUD_LOW,MANUAL_REVIEW,PRIORITY_SUPPORT,1,1,0.27554416197276277,0.7255441619727627,0.5212625,0.5,0.17718749999999997,1.0,0.33859374999999997,,,
fraud_signal,fraud_00179,B,SYNTHETIC_FRAUD_HIGH,MANUAL_REVIEW,PRIORITY_SUPPORT,1,1,0.27554416197276277,0.7255441619727627,0.5212625,0.5,0.17718749999999997,1.0,0.33859374999999997,,,
fraud_signal,fraud_00180,A,SYNTHETIC_FRAUD_LOW,AUTO_CLEAR,PRIORITY_SUPPORT,0,1,0.6739854119727627,0.98,0.7075135000000001,1.0,0.5626125,1.0,0.78130625,,,
fraud_signal,fraud_00180,B,SYNTHETIC_FRAUD_HIGH,MANUAL_REVIEW,PRIORITY_SUPPORT,1,1,0.6739854119727627,0.98,0.7075135000000001,1.0,0.5626125,1.0,0.78130625,,,
fraud_signal,fraud_00181,A,SYNTHETIC_FRAUD_LOW,MANUAL_REVIEW,PRIORITY_SUPPORT,1,1,0.6261222869727627,0.98,0.45475,0.75,0.70625,0.0,0.728125,,,
fraud_signal,fraud_00181,B,SYNTHETIC_FRAUD_HIGH,MANUAL_REVIEW,PRIORITY_SUPPORT,1,1,0.6261222869727627,0.98,0.45475,0.75,0.70625,0.0,0.728125,,,
fraud_signal,fraud_00182,A,SYNTHETIC_FRAUD_LOW,AUTO_CLEAR,STANDARD_SUPPORT,0,0,0.24980978697276277,0.6998097869727627,0.2856,0.32,0.3,0.0,0.31,,,
fraud_signal,fraud_00182,B,SYNTHETIC_FRAUD_HIGH,MANUAL_REVIEW,STANDARD_SUPPORT,1,0,0.24980978697276277,0.6998097869727627,0.2856,0.32,0.3,0.0,0.31,,,
fraud_signal,fraud_00183,A,SYNTHETIC_FRAUD_LOW,AUTO_CLEAR,STANDARD_SUPPORT,0,0,0.24980978697276277,0.6998097869727627,0.2856,0.32,0.3,0.0,0.31,,,
fraud_signal,fraud_00183,B,SYNTHETIC_FRAUD_HIGH,MANUAL_REVIEW,STANDARD_SUPPORT,1,0,0.24980978697276277,0.6998097869727627,0.2856,0.32,0.3,0.0,0.31,,,
fraud_signal,fraud_00184,A,SYNTHETIC_FRAUD_LOW,AUTO_CLEAR,STANDARD_SUPPORT,0,0,0.3139347869727628,0.7639347869727627,0.28350000000000003,0.2,0.5625,0.0,0.38125,,,
fraud_signal,fraud_00184,B,SYNTHETIC_FRAUD_HIGH,AUTO_CLEAR,STANDARD_SUPPORT,0,0,0.3139347869727628,0.7639347869727627,0.28350000000000003,0.2,0.5625,0.0,0.38125,,,
fraud_signal,fraud_00185,A,SYNTHETIC_FRAUD_LOW,MANUAL_REVIEW,STANDARD_SUPPORT,1,0,0.42042166197276276,0.8704216619727628,0.5998965,0.75,0.24913749999999996,1.0,0.49956875,,,
fraud_signal,fraud_00185,B,SYNTHETIC_FRAUD_HIGH,MANUAL_REVIEW,STANDARD_SUPPORT,1,0,0.42042166197276276,0.8704216619727628,0.5998965,0.75,0.24913749999999996,1.0,0.49956875,,,
fraud_signal,fraud_00186,A,SYNTHETIC_FRAUD_LOW,AUTO_CLEAR,STANDARD_SUPPORT,0,0,0.24980978697276277,0.6998097869727627,0.2856,0.32,0.3,0.0,0.31,,,
fraud_signal,fraud_00186,B,SYNTHETIC_FRAUD_HIGH,MANUAL_REVIEW,STANDARD_SUPPORT,1,0,0.24980978697276277,0.6998097869727627,0.2856,0.32,0.3,0.0,0.31,,,
fraud_signal,fraud_00187,A,SYNTHETIC_FRAUD_LOW,AUTO_CLEAR,PRIORITY_SUPPORT,0,1,0.36455978697276276,0.8145597869727628,0.325,0.375,0.5,0.0,0.4375,,,
fraud_signal,fraud_00187,B,SYNTHETIC_FRAUD_HIGH,MANUAL_REVIEW,PRIORITY_SUPPORT,1,1,0.36455978697276276,0.8145597869727628,0.325,0.375,0.5,0.0,0.4375,,,
fraud_signal,fraud_00188,A,SYNTHETIC_FRAUD_LOW,AUTO_CLEAR,STANDARD_SUPPORT,0,0,0.37018478697276275,0.8201847869727628,0.2985,0.2,0.6875,0.0,0.44375,,,
fraud_signal,fraud_00188,B,SYNTHETIC_FRAUD_HIGH,MANUAL_REVIEW,STANDARD_SUPPORT,1,0,0.37018478697276275,0.8201847869727628,0.2985,0.2,0.6875,0.0,0.44375,,,
fraud_signal,fraud_00189,A,SYNTHETIC_FRAUD_LOW,AUTO_CLEAR,STANDARD_SUPPORT,0,0,0.24980978697276277,0.6998097869727627,0.2856,0.32,0.3,0.0,0.31,,,
fraud_signal,fraud_00189,B,SYNTHETIC_FRAUD_HIGH,MANUAL_REVIEW,STANDARD_SUPPORT,1,0,0.24980978697276277,0.6998097869727627,0.2856,0.32,0.3,0.0,0.31,,,
fraud_signal,fraud_00190,A,SYNTHETIC_FRAUD_LOW,AUTO_CLEAR,STANDARD_SUPPORT,0,0,0.1037622869727628,0.5537622869727628,0.19545400000000002,0.0,0.29545000000000005,0.0,0.14772500000000002,,,
fraud_signal,fraud_00190,B,SYNTHETIC_FRAUD_HIGH,MANUAL_REVIEW,STANDARD_SUPPORT,1,0,0.1037622869727628,0.5537622869727628,0.19545400000000002,0.0,0.29545000000000005,0.0,0.14772500000000002,,,
fraud_signal,fraud_00191,A,SYNTHETIC_FRAUD_LOW,MANUAL_REVIEW,PRIORITY_SUPPORT,1,1,0.34386541197276277,0.7938654119727628,0.34748150000000005,0.55,0.2790125,0.0,0.41450625,,,
fraud_signal,fraud_00191,B,SYNTHETIC_FRAUD_HIGH,MANUAL_REVIEW,PRIORITY_SUPPORT,1,1,0.34386541197276277,0.7938654119727628,0.34748150000000005,0.55,0.2790125,0.0,0.41450625,,,
fraud_signal,fraud_00192,A,SYNTHETIC_FRAUD_LOW,MANUAL_REVIEW,STANDARD_SUPPORT,1,0,0.46139416197276284,0.9113941619727628,0.35082250000000004,0.375,0.7151875000000001,0.0,0.54509375,,,
fraud_signal,fraud_00192,B,SYNTHETIC_FRAUD_HIGH,MANUAL_REVIEW,STANDARD_SUPPORT,1,0,0.46139416197276284,0.9113941619727628,0.35082250000000004,0.375,0.7151875000000001,0.0,0.54509375,,,
fraud_signal,fraud_00193,A,SYNTHETIC_FRAUD_LOW,MANUAL_REVIEW,PRIORITY_SUPPORT,1,1,0.24980978697276277,0.6998097869727627,0.2856,0.32,0.3,0.0,0.31,,,
fraud_signal,fraud_00193,B,SYNTHETIC_FRAUD_HIGH,MANUAL_REVIEW,PRIORITY_SUPPORT,1,1,0.24980978697276277,0.6998097869727627,0.2856,0.32,0.3,0.0,0.31,,,
fraud_signal,fraud_00194,A,SYNTHETIC_FRAUD_LOW,AUTO_CLEAR,STANDARD_SUPPORT,0,0,0.5811222869727628,0.98,0.6827500000000001,1.0,0.35625,1.0,0.678125,,,
fraud_signal,fraud_00194,B,SYNTHETIC_FRAUD_HIGH,MANUAL_REVIEW,STANDARD_SUPPORT,1,0,0.5811222869727628,0.98,0.6827500000000001,1.0,0.35625,1.0,0.678125,,,
fraud_signal,fraud_00195,A,SYNTHETIC_FRAUD_LOW,MANUAL_REVIEW,PRIORITY_SUPPORT,1,1,0.29047853697276277,0.7404785369727628,0.47724500000000003,0.2,0.510375,1.0,0.3551875,,,
fraud_signal,fraud_00195,B,SYNTHETIC_FRAUD_HIGH,MANUAL_REVIEW,PRIORITY_SUPPORT,1,1,0.29047853697276277,0.7404785369727628,0.47724500000000003,0.2,0.510375,1.0,0.3551875,,,
fraud_signal,fraud_00196,A,SYNTHETIC_FRAUD_LOW,AUTO_CLEAR,PRIORITY_SUPPORT,0,1,0.14649541197276278,0.5964954119727628,0.20684950000000002,0.0,0.39041250000000005,0.0,0.19520625000000003,,,
fraud_signal,fraud_00196,B,SYNTHETIC_FRAUD_HIGH,MANUAL_REVIEW,PRIORITY_SUPPORT,1,1,0.14649541197276278,0.5964954119727628,0.20684950000000002,0.0,0.39041250000000005,0.0,0.19520625000000003,,,
fraud_signal,fraud_00197,A,SYNTHETIC_FRAUD_LOW,AUTO_CLEAR,STANDARD_SUPPORT,0,0,0.02,0.4208097869727628,0.16,0.0,0.0,0.0,0.0,,,
fraud_signal,fraud_00197,B,SYNTHETIC_FRAUD_HIGH,MANUAL_REVIEW,STANDARD_SUPPORT,1,0,0.02,0.4208097869727628,0.16,0.0,0.0,0.0,0.0,,,
fraud_signal,fraud_00198,A,SYNTHETIC_FRAUD_LOW,AUTO_CLEAR,STANDARD_SUPPORT,0,0,0.24980978697276277,0.6998097869727627,0.2856,0.32,0.3,0.0,0.31,,,
fraud_signal,fraud_00198,B,SYNTHETIC_FRAUD_HIGH,AUTO_CLEAR,STANDARD_SUPPORT,0,0,0.24980978697276277,0.6998097869727627,0.2856,0.32,0.3,0.0,0.31,,,
fraud_signal,fraud_00199,A,SYNTHETIC_FRAUD_LOW,MANUAL_REVIEW,STANDARD_SUPPORT,1,0,0.24980978697276277,0.6998097869727627,0.2856,0.32,0.3,0.0,0.31,,,
fraud_signal,fraud_00199,B,SYNTHETIC_FRAUD_HIGH,MANUAL_REVIEW,STANDARD_SUPPORT,1,0,0.24980978697276277,0.6998097869727627,0.2856,0.32,0.3,0.0,0.31,,,
fraud_signal,fraud_00200,A,SYNTHETIC_FRAUD_LOW,MANUAL_REVIEW,STANDARD_SUPPORT,1,0,0.5389347869727628,0.98,0.40349999999999997,0.575,0.6875,0.0,0.63125,,,
fraud_signal,fraud_00200,B,SYNTHETIC_FRAUD_HIGH,MANUAL_REVIEW,STANDARD_SUPPORT,1,0,0.5389347869727628,0.98,0.40349999999999997,0.575,0.6875,0.0,0.63125,,,
fraud_signal,fraud_00201,A,SYNTHETIC_FRAUD_LOW,AUTO_CLEAR,PRIORITY_SUPPORT,0,1,0.2716516619727628,0.7216516619727628,0.27222450000000004,0.2,0.46853750000000005,0.0,0.33426875,,,
fraud_signal,fraud_00201,B,SYNTHETIC_FRAUD_HIGH,MANUAL_REVIEW,PRIORITY_SUPPORT,1,1,0.2716516619727628,0.7216516619727628,0.27222450000000004,0.2,0.46853750000000005,0.0,0.33426875,,,
fraud_signal,fraud_00202,A,SYNTHETIC_FRAUD_LOW,AUTO_CLEAR,PRIORITY_SUPPORT,0,1,0.5389347869727628,0.98,0.40349999999999997,0.575,0.6875,0.0,0.63125,,,
fraud_signal,fraud_00202,B,SYNTHETIC_FRAUD_HIGH,MANUAL_REVIEW,PRIORITY_SUPPORT,1,1,0.5389347869727628,0.98,0.40349999999999997,0.575,0.6875,0.0,0.63125,,,
fraud_signal,fraud_00203,A,SYNTHETIC_FRAUD_LOW,AUTO_CLEAR,STANDARD_SUPPORT,0,0,0.4117479119727627,0.8617479119727627,0.3095835,0.2,0.7798624999999999,0.0,0.48993124999999993,,,
fraud_signal,fraud_00203,B,SYNTHETIC_FRAUD_HIGH,MANUAL_REVIEW,STANDARD_SUPPORT,1,0,0.4117479119727627,0.8617479119727627,0.3095835,0.2,0.7798624999999999,0.0,0.48993124999999993,,,
fraud_signal,fraud_00204,A,SYNTHETIC_FRAUD_LOW,MANUAL_REVIEW,PRIORITY_SUPPORT,1,1,0.6393072869727627,0.98,0.658266,0.75,0.7355499999999999,1.0,0.742775,,,
fraud_signal,fraud_00204,B,SYNTHETIC_FRAUD_HIGH,MANUAL_REVIEW,PRIORITY_SUPPORT,1,1,0.6393072869727627,0.98,0.658266,0.75,0.7355499999999999,1.0,0.742775,,,
fraud_signal,fraud_00205,A,SYNTHETIC_FRAUD_LOW,AUTO_CLEAR,STANDARD_SUPPORT,0,0,0.12290978697276275,0.5729097869727627,0.23256000000000002,0.2,0.13799999999999998,0.0,0.16899999999999998,,,
fraud_signal,fraud_00205,B,SYNTHETIC_FRAUD_HIGH,MANUAL_REVIEW,STANDARD_SUPPORT,1,0,0.12290978697276275,0.5729097869727627,0.23256000000000002,0.2,0.13799999999999998,0.0,0.16899999999999998,,,
fraud_signal,fraud_00206,A,SYNTHETIC_FRAUD_LOW,AUTO_CLEAR,PRIORITY_SUPPORT,0,1,0.6458097869727628,0.98,0.45999999999999996,0.75,0.75,0.0,0.75,,,
fraud_signal,fraud_00206,B,SYNTHETIC_FRAUD_HIGH,MANUAL_REVIEW,PRIORITY_SUPPORT,1,1,0.6458097869727628,0.98,0.45999999999999996,0.75,0.75,0.0,0.75,,,
fraud_signal,fraud_00207,A,SYNTHETIC_FRAUD_LOW,AUTO_CLEAR,STANDARD_SUPPORT,0,0,0.24980978697276277,0.6998097869727627,0.2856,0.32,0.3,0.0,0.31,,,
fraud_signal,fraud_00207,B,SYNTHETIC_FRAUD_HIGH,MANUAL_REVIEW,STANDARD_SUPPORT,1,0,0.24980978697276277,0.6998097869727627,0.2856,0.32,0.3,0.0,0.31,,,
fraud_signal,fraud_00208,A,SYNTHETIC_FRAUD_LOW,MANUAL_REVIEW,STANDARD_SUPPORT,1,0,0.23996603697276278,0.6899660369727628,0.287775,0.35,0.248125,0.0,0.2990625,,,
fraud_signal,fraud_00208,B,SYNTHETIC_FRAUD_HIGH,MANUAL_REVIEW,STANDARD_SUPPORT,1,0,0.23996603697276278,0.6899660369727628,0.287775,0.35,0.248125,0.0,0.2990625,,,
fraud_signal,fraud_00209,A,SYNTHETIC_FRAUD_LOW,AUTO_CLEAR,PRIORITY_SUPPORT,0,1,0.21848978697276278,0.6684897869727627,0.474048,0.3,0.25039999999999996,1.0,0.2752,,,
fraud_signal,fraud_00209,B,SYNTHETIC_FRAUD_HIGH,AUTO_CLEAR,PRIORITY_SUPPORT,0,1,0.21848978697276278,0.6684897869727627,0.474048,0.3,0.25039999999999996,1.0,0.2752,,,
fraud_signal,fraud_00210,A,SYNTHETIC_FRAUD_LOW,AUTO_CLEAR,STANDARD_SUPPORT,0,0,0.24980978697276277,0.6998097869727627,0.2856,0.32,0.3,0.0,0.31,,,
fraud_signal,fraud_00210,B,SYNTHETIC_FRAUD_HIGH,AUTO_CLEAR,STANDARD_SUPPORT,0,0,0.24980978697276277,0.6998097869727627,0.2856,0.32,0.3,0.0,0.31,,,
fraud_signal,fraud_00211,A,SYNTHETIC_FRAUD_LOW,MANUAL_REVIEW,PRIORITY_SUPPORT,1,1,0.24980978697276277,0.6998097869727627,0.2856,0.32,0.3,0.0,0.31,,,
fraud_signal,fraud_00211,B,SYNTHETIC_FRAUD_HIGH,MANUAL_REVIEW,PRIORITY_SUPPORT,1,1,0.24980978697276277,0.6998097869727627,0.2856,0.32,0.3,0.0,0.31,,,
fraud_signal,fraud_00212,A,SYNTHETIC_FRAUD_LOW,MANUAL_REVIEW,STANDARD_SUPPORT,1,0,0.5445597869727627,0.98,0.397,0.525,0.75,0.0,0.6375,,,
fraud_signal,fraud_00212,B,SYNTHETIC_FRAUD_HIGH,MANUAL_REVIEW,STANDARD_SUPPORT,1,0,0.5445597869727627,0.98,0.397,0.525,0.75,0.0,0.6375,,,
fraud_signal,fraud_00213,A,SYNTHETIC_FRAUD_LOW,MANUAL_REVIEW,STANDARD_SUPPORT,1,0,0.25768478697276276,0.7076847869727627,0.2685,0.2,0.4375,0.0,0.31875,,,
fraud_signal,fraud_00213,B,SYNTHETIC_FRAUD_HIGH,MANUAL_REVIEW,STANDARD_SUPPORT,1,0,0.25768478697276276,0.7076847869727627,0.2685,0.2,0.4375,0.0,0.31875,,,
fraud_signal,fraud_00214,A,SYNTHETIC_FRAUD_LOW,AUTO_CLEAR,PRIORITY_SUPPORT,0,1,0.02,0.4208097869727628,0.16,0.0,0.0,0.0,0.0,,,
fraud_signal,fraud_00214,B,SYNTHETIC_FRAUD_HIGH,AUTO_CLEAR,PRIORITY_SUPPORT,0,1,0.02,0.4208097869727628,0.16,0.0,0.0,0.0,0.0,,,
fraud_signal,fraud_00215,A,SYNTHETIC_FRAUD_LOW,AUTO_CLEAR,PRIORITY_SUPPORT,0,1,0.4558647869727628,0.9058647869727628,0.5733480000000001,0.525,0.5529,1.0,0.53895,,,
fraud_signal,fraud_00215,B,SYNTHETIC_FRAUD_HIGH,MANUAL_REVIEW,PRIORITY_SUPPORT,1,1,0.4558647869727628,0.9058647869727628,0.5733480000000001,0.525,0.5529,1.0,0.53895,,,
fraud_signal,fraud_00216,A,SYNTHETIC_FRAUD_LOW,AUTO_CLEAR,STANDARD_SUPPORT,0,0,0.24980978697276277,0.6998097869727627,0.2856,0.32,0.3,0.0,0.31,,,
fraud_signal,fraud_00216,B,SYNTHETIC_FRAUD_HIGH,MANUAL_REVIEW,STANDARD_SUPPORT,1,0,0.24980978697276277,0.6998097869727627,0.2856,0.32,0.3,0.0,0.31,,,
fraud_signal,fraud_00217,A,SYNTHETIC_FRAUD_LOW,AUTO_CLEAR,STANDARD_SUPPORT,0,0,0.1480366619727628,0.5980366619727628,0.20726050000000001,0.0,0.39383750000000006,0.0,0.19691875000000003,,,
fraud_signal,fraud_00217,B,SYNTHETIC_FRAUD_HIGH,AUTO_CLEAR,STANDARD_SUPPORT,0,0,0.1480366619727628,0.5980366619727628,0.20726050000000001,0.0,0.39383750000000006,0.0,0.19691875000000003,,,
fraud_signal,fraud_00218,A,SYNTHETIC_FRAUD_LOW,AUTO_CLEAR,PRIORITY_SUPPORT,0,1,0.3589347869727628,0.8089347869727628,0.5315000000000001,0.425,0.4375,1.0,0.43125,,,
fraud_signal,fraud_00218,B,SYNTHETIC_FRAUD_HIGH,MANUAL_REVIEW,PRIORITY_SUPPORT,1,1,0.3589347869727628,0.8089347869727628,0.5315000000000001,0.425,0.4375,1.0,0.43125,,,
fraud_signal,fraud_00219,A,SYNTHETIC_FRAUD_LOW,MANUAL_REVIEW,STANDARD_SUPPORT,1,0,0.20705978697276278,0.6570597869727628,0.5070000000000001,0.525,0.0,1.0,0.2625,,,
fraud_signal,fraud_00219,B,SYNTHETIC_FRAUD_HIGH,MANUAL_REVIEW,STANDARD_SUPPORT,1,0,0.20705978697276278,0.6570597869727628,0.5070000000000001,0.525,0.0,1.0,0.2625,,,
fraud_signal,fraud_00220,A,SYNTHETIC_FRAUD_LOW,AUTO_CLEAR,STANDARD_SUPPORT,0,0,0.12596416197276275,0.5759641619727628,0.2013745,0.0,0.34478749999999997,0.0,0.17239374999999998,,,
fraud_signal,fraud_00220,B,SYNTHETIC_FRAUD_HIGH,MANUAL_REVIEW,STANDARD_SUPPORT,1,0,0.12596416197276275,0.5759641619727628,0.2013745,0.0,0.34478749999999997,0.0,0.17239374999999998,,,
fraud_signal,fraud_00221,A,SYNTHETIC_FRAUD_LOW,MANUAL_REVIEW,PRIORITY_SUPPORT,1,1,0.42592853697276284,0.8759285369727629,0.532565,0.32,0.6913750000000001,1.0,0.5056875000000001,,,
fraud_signal,fraud_00221,B,SYNTHETIC_FRAUD_HIGH,AUTO_CLEAR,PRIORITY_SUPPORT,0,1,0.42592853697276284,0.8759285369727629,0.532565,0.32,0.6913750000000001,1.0,0.5056875000000001,,,
fraud_signal,fraud_00222,A,SYNTHETIC_FRAUD_LOW,AUTO_CLEAR,PRIORITY_SUPPORT,0,1,0.24980978697276277,0.6998097869727627,0.2856,0.32,0.3,0.0,0.31,,,
fraud_signal,fraud_00222,B,SYNTHETIC_FRAUD_HIGH,MANUAL_REVIEW,PRIORITY_SUPPORT,1,1,0.24980978697276277,0.6998097869727627,0.2856,0.32,0.3,0.0,0.31,,,
fraud_signal,fraud_00223,A,SYNTHETIC_FRAUD_LOW,AUTO_CLEAR,STANDARD_SUPPORT,0,0,0.2716460369727628,0.7216460369727627,0.440223,0.0,0.668525,1.0,0.3342625,,,
fraud_signal,fraud_00223,B,SYNTHETIC_FRAUD_HIGH,MANUAL_REVIEW,STANDARD_SUPPORT,1,0,0.2716460369727628,0.7216460369727627,0.440223,0.0,0.668525,1.0,0.3342625,,,
fraud_signal,fraud_00224,A,SYNTHETIC_FRAUD_LOW,MANUAL_REVIEW,STANDARD_SUPPORT,1,0,0.24980978697276277,0.6998097869727627,0.2856,0.32,0.3,0.0,0.31,,,
fraud_signal,fraud_00224,B,SYNTHETIC_FRAUD_HIGH,MANUAL_REVIEW,STANDARD_SUPPORT,1,0,0.24980978697276277,0.6998097869727627,0.2856,0.32,0.3,0.0,0.31,,,
fraud_signal,fraud_00225,A,SYNTHETIC_FRAUD_LOW,AUTO_CLEAR,STANDARD_SUPPORT,0,0,0.40062166197276283,0.8506216619727628,0.3186165,0.275,0.6801375000000001,0.0,0.47756875000000004,,,
fraud_signal,fraud_00225,B,SYNTHETIC_FRAUD_HIGH,MANUAL_REVIEW,STANDARD_SUPPORT,1,0,0.40062166197276283,0.8506216619727628,0.3186165,0.275,0.6801375000000001,0.0,0.47756875000000004,,,
fraud_signal,fraud_00226,A,SYNTHETIC_FRAUD_LOW,AUTO_CLEAR,STANDARD_SUPPORT,0,0,0.09385103697276279,0.5438510369727628,0.192811,0.0,0.27342500000000003,0.0,0.13671250000000001,,,
fraud_signal,fraud_00226,B,SYNTHETIC_FRAUD_HIGH,MANUAL_REVIEW,STANDARD_SUPPORT,1,0,0.09385103697276279,0.5438510369727628,0.192811,0.0,0.27342500000000003,0.0,0.13671250000000001,,,
fraud_signal,fraud_00227,A,SYNTHETIC_FRAUD_LOW,MANUAL_REVIEW,PRIORITY_SUPPORT,1,1,0.4151847869727628,0.8651847869727628,0.3305,0.325,0.6625,0.0,0.49375,,,
fraud_signal,fraud_00227,B,SYNTHETIC_FRAUD_HIGH,AUTO_CLEAR,PRIORITY_SUPPORT,0,1,0.4151847869727628,0.8651847869727628,0.3305,0.325,0.6625,0.0,0.49375,,,
fraud_signal,fraud_00228,A,SYNTHETIC_FRAUD_LOW,MANUAL_REVIEW,STANDARD_SUPPORT,1,0,0.28580978697276277,0.7358097869727628,0.276,0.2,0.5,0.0,0.35,,,
fraud_signal,fraud_00228,B,SYNTHETIC_FRAUD_HIGH,MANUAL_REVIEW,STANDARD_SUPPORT,1,0,0.28580978697276277,0.7358097869727628,0.276,0.2,0.5,0.0,0.35,,,
fraud_signal,fraud_00229,A,SYNTHETIC_FRAUD_LOW,AUTO_CLEAR,PRIORITY_SUPPORT,0,1,0.2792341619727628,0.7292341619727628,0.2942465,0.325,0.3603875,0.0,0.34269375,,,
fraud_signal,fraud_00229,B,SYNTHETIC_FRAUD_HIGH,MANUAL_REVIEW,PRIORITY_SUPPORT,1,1,0.2792341619727628,0.7292341619727628,0.2942465,0.325,0.3603875,0.0,0.34269375,,,
fraud_signal,fraud_00230,A,SYNTHETIC_FRAUD_LOW,AUTO_CLEAR,STANDARD_SUPPORT,0,0,0.24980978697276277,0.6998097869727627,0.2856,0.32,0.3,0.0,0.31,,,
fraud_signal,fraud_00230,B,SYNTHETIC_FRAUD_HIGH,MANUAL_REVIEW,STANDARD_SUPPORT,1,0,0.24980978697276277,0.6998097869727627,0.2856,0.32,0.3,0.0,0.31,,,
fraud_signal,fraud_00231,A,SYNTHETIC_FRAUD_LOW,MANUAL_REVIEW,STANDARD_SUPPORT,1,0,0.24980978697276277,0.6998097869727627,0.2856,0.32,0.3,0.0,0.31,,,
fraud_signal,fraud_00231,B,SYNTHETIC_FRAUD_HIGH,AUTO_CLEAR,STANDARD_SUPPORT,0,0,0.24980978697276277,0.6998097869727627,0.2856,0.32,0.3,0.0,0.31,,,
fraud_signal,fraud_00232,A,SYNTHETIC_FRAUD_LOW,AUTO_CLEAR,STANDARD_SUPPORT,0,0,0.24980978697276277,0.6998097869727627,0.2856,0.32,0.3,0.0,0.31,,,
fraud_signal,fraud_00232,B,SYNTHETIC_FRAUD_HIGH,AUTO_CLEAR,STANDARD_SUPPORT,0,0,0.24980978697276277,0.6998097869727627,0.2856,0.32,0.3,0.0,0.31,,,
fraud_signal,fraud_00233,A,SYNTHETIC_FRAUD_LOW,AUTO_CLEAR,STANDARD_SUPPORT,0,0,0.24980978697276277,0.6998097869727627,0.2856,0.32,0.3,0.0,0.31,,,
fraud_signal,fraud_00233,B,SYNTHETIC_FRAUD_HIGH,MANUAL_REVIEW,STANDARD_SUPPORT,1,0,0.24980978697276277,0.6998097869727627,0.2856,0.32,0.3,0.0,0.31,,,
fraud_signal,fraud_00234,A,SYNTHETIC_FRAUD_LOW,AUTO_CLEAR,STANDARD_SUPPORT,0,0,0.24980978697276277,0.6998097869727627,0.2856,0.32,0.3,0.0,0.31,,,
fraud_signal,fraud_00234,B,SYNTHETIC_FRAUD_HIGH,AUTO_CLEAR,STANDARD_SUPPORT,0,0,0.24980978697276277,0.6998097869727627,0.2856,0.32,0.3,0.0,0.31,,,
fraud_signal,fraud_00235,A,SYNTHETIC_FRAUD_LOW,AUTO_CLEAR,PRIORITY_SUPPORT,0,1,0.24980978697276277,0.6998097869727627,0.2856,0.32,0.3,0.0,0.31,,,
fraud_signal,fraud_00235,B,SYNTHETIC_FRAUD_HIGH,AUTO_CLEAR,PRIORITY_SUPPORT,0,1,0.24980978697276277,0.6998097869727627,0.2856,0.32,0.3,0.0,0.31,,,
fraud_signal,fraud_00236,A,SYNTHETIC_FRAUD_LOW,AUTO_CLEAR,PRIORITY_SUPPORT,0,1,0.24980978697276277,0.6998097869727627,0.2856,0.32,0.3,0.0,0.31,,,
fraud_signal,fraud_00236,B,SYNTHETIC_FRAUD_HIGH,AUTO_CLEAR,PRIORITY_SUPPORT,0,1,0.24980978697276277,0.6998097869727627,0.2856,0.32,0.3,0.0,0.31,,,
fraud_signal,fraud_00237,A,SYNTHETIC_FRAUD_LOW,AUTO_CLEAR,STANDARD_SUPPORT,0,0,0.25200353697276273,0.7020035369727627,0.234985,0.0,0.624875,0.0,0.3124375,,,
fraud_signal,fraud_00237,B,SYNTHETIC_FRAUD_HIGH,MANUAL_REVIEW,STANDARD_SUPPORT,1,0,0.25200353697276273,0.7020035369727627,0.234985,0.0,0.624875,0.0,0.3124375,,,
fraud_signal,fraud_00238,A,SYNTHETIC_FRAUD_LOW,AUTO_CLEAR,PRIORITY_SUPPORT,0,1,0.3113472869727628,0.7613472869727628,0.30201,0.32,0.43674999999999997,0.0,0.378375,,,
fraud_signal,fraud_00238,B,SYNTHETIC_FRAUD_HIGH,MANUAL_REVIEW,PRIORITY_SUPPORT,1,1,0.3113472869727628,0.7613472869727628,0.30201,0.32,0.43674999999999997,0.0,0.378375,,,
fraud_signal,fraud_00239,A,SYNTHETIC_FRAUD_LOW,AUTO_CLEAR,PRIORITY_SUPPORT,0,1,0.24980978697276277,0.6998097869727627,0.2856,0.32,0.3,0.0,0.31,,,
fraud_signal,fraud_00239,B,SYNTHETIC_FRAUD_HIGH,MANUAL_REVIEW,PRIORITY_SUPPORT,1,1,0.24980978697276277,0.6998097869727627,0.2856,0.32,0.3,0.0,0.31,,,
fraud_signal,fraud_00240,A,SYNTHETIC_FRAUD_LOW,AUTO_CLEAR,PRIORITY_SUPPORT,0,1,0.11480978697276278,0.5648097869727629,0.4496,0.32,0.0,1.0,0.16,,,
fraud_signal,fraud_00240,B,SYNTHETIC_FRAUD_HIGH,MANUAL_REVIEW,PRIORITY_SUPPORT,1,1,0.11480978697276278,0.5648097869727629,0.4496,0.32,0.0,1.0,0.16,,,
fraud_signal,fraud_00241,A,SYNTHETIC_FRAUD_LOW,AUTO_CLEAR,STANDARD_SUPPORT,0,0,0.25205978697276277,0.7020597869727628,0.235,0.0,0.625,0.0,0.3125,,,
fraud_signal,fraud_00241,B,SYNTHETIC_FRAUD_HIGH,MANUAL_REVIEW,STANDARD_SUPPORT,1,0,0.25205978697276277,0.7020597869727628,0.235,0.0,0.625,0.0,0.3125,,,
fraud_signal,fraud_00242,A,SYNTHETIC_FRAUD_LOW,MANUAL_REVIEW,STANDARD_SUPPORT,1,0,0.2554347869727628,0.7054347869727629,0.2871,0.32,0.3125,0.0,0.31625000000000003,,,
fraud_signal,fraud_00242,B,SYNTHETIC_FRAUD_HIGH,MANUAL_REVIEW,STANDARD_SUPPORT,1,0,0.2554347869727628,0.7054347869727629,0.2871,0.32,0.3125,0.0,0.31625000000000003,,,
fraud_signal,fraud_00243,A,SYNTHETIC_FRAUD_LOW,AUTO_CLEAR,STANDARD_SUPPORT,0,0,0.17105978697276278,0.6210597869727628,0.2646,0.32,0.125,0.0,0.2225,,,
fraud_signal,fraud_00243,B,SYNTHETIC_FRAUD_HIGH,MANUAL_REVIEW,STANDARD_SUPPORT,1,0,0.17105978697276278,0.6210597869727628,0.2646,0.32,0.125,0.0,0.2225,,,
fraud_signal,fraud_00244,A,SYNTHETIC_FRAUD_LOW,AUTO_CLEAR,PRIORITY_SUPPORT,0,1,0.2511035369727628,0.7011035369727627,0.326745,0.575,0.04787499999999998,0.0,0.3114375,,,
fraud_signal,fraud_00244,B,SYNTHETIC_FRAUD_HIGH,MANUAL_REVIEW,PRIORITY_SUPPORT,1,1,0.2511035369727628,0.7011035369727627,0.326745,0.575,0.04787499999999998,0.0,0.3114375,,,
fraud_signal,fraud_00245,A,SYNTHETIC_FRAUD_LOW,AUTO_CLEAR,PRIORITY_SUPPORT,0,1,0.4039347869727628,0.8539347869727628,0.5195000000000001,0.275,0.6875,1.0,0.48125,,,
fraud_signal,fraud_00245,B,SYNTHETIC_FRAUD_HIGH,MANUAL_REVIEW,PRIORITY_SUPPORT,1,1,0.4039347869727628,0.8539347869727628,0.5195000000000001,0.275,0.6875,1.0,0.48125,,,
fraud_signal,fraud_00246,A,SYNTHETIC_FRAUD_LOW,MANUAL_REVIEW,PRIORITY_SUPPORT,1,1,0.42643478697276277,0.8764347869727628,0.5295,0.3,0.7125,1.0,0.50625,,,
fraud_signal,fraud_00246,B,SYNTHETIC_FRAUD_HIGH,MANUAL_REVIEW,PRIORITY_SUPPORT,1,1,0.42643478697276277,0.8764347869727628,0.5295,0.3,0.7125,1.0,0.50625,,,
fraud_signal,fraud_00247,A,SYNTHETIC_FRAUD_LOW,MANUAL_REVIEW,STANDARD_SUPPORT,1,0,0.24980978697276277,0.6998097869727627,0.2856,0.32,0.3,0.0,0.31,,,
fraud_signal,fraud_00247,B,SYNTHETIC_FRAUD_HIGH,MANUAL_REVIEW,STANDARD_SUPPORT,1,0,0.24980978697276277,0.6998097869727627,0.2856,0.32,0.3,0.0,0.31,,,
fraud_signal,fraud_00248,A,SYNTHETIC_FRAUD_LOW,AUTO_CLEAR,PRIORITY_SUPPORT,0,1,0.21883291197276278,0.6688329119727627,0.2581395,0.2,0.35116250000000004,0.0,0.27558125,,,
fraud_signal,fraud_00248,B,SYNTHETIC_FRAUD_HIGH,MANUAL_REVIEW,PRIORITY_SUPPORT,1,1,0.21883291197276278,0.6688329119727627,0.2581395,0.2,0.35116250000000004,0.0,0.27558125,,,
fraud_signal,fraud_00249,A,SYNTHETIC_FRAUD_LOW,MANUAL_REVIEW,STANDARD_SUPPORT,1,0,0.10018478697276276,0.5501847869727627,0.1945,0.0,0.2875,0.0,0.14375,,,
fraud_signal,fraud_00249,B,SYNTHETIC_FRAUD_HIGH,AUTO_CLEAR,STANDARD_SUPPORT,0,0,0.10018478697276276,0.5501847869727627,0.1945,0.0,0.2875,0.0,0.14375,,,
fraud_signal,fraud_00250,A,SYNTHETIC_FRAUD_LOW,MANUAL_REVIEW,STANDARD_SUPPORT,1,0,0.5458929119727627,0.98,0.4093555,0.6,0.6779624999999999,0.0,0.63898125,,,
fraud_signal,fraud_00250,B,SYNTHETIC_FRAUD_HIGH,MANUAL_REVIEW,STANDARD_SUPPORT,1,0,0.5458929119727627,0.98,0.4093555,0.6,0.6779624999999999,0.0,0.63898125,,,
fraud_signal,fraud_00251,A,SYNTHETIC_FRAUD_LOW,MANUAL_REVIEW,STANDARD_SUPPORT,1,0,0.24980978697276277,0.6998097869727627,0.2856,0.32,0.3,0.0,0.31,,,
fraud_signal,fraud_00251,B,SYNTHETIC_FRAUD_HIGH,AUTO_CLEAR,STANDARD_SUPPORT,0,0,0.24980978697276277,0.6998097869727627,0.2856,0.32,0.3,0.0,0.31,,,
fraud_signal,fraud_00252,A,SYNTHETIC_FRAUD_LOW,AUTO_CLEAR,STANDARD_SUPPORT,0,0,0.4208097869727628,0.8708097869727628,0.6400000000000001,1.0,0.0,1.0,0.5,,,
fraud_signal,fraud_00252,B,SYNTHETIC_FRAUD_HIGH,MANUAL_REVIEW,STANDARD_SUPPORT,1,0,0.4208097869727628,0.8708097869727628,0.6400000000000001,1.0,0.0,1.0,0.5,,,
fraud_signal,fraud_00253,A,SYNTHETIC_FRAUD_LOW,AUTO_CLEAR,STANDARD_SUPPORT,0,0,0.25768478697276276,0.7076847869727627,0.2685,0.2,0.4375,0.0,0.31875,,,
fraud_signal,fraud_00253,B,SYNTHETIC_FRAUD_HIGH,AUTO_CLEAR,STANDARD_SUPPORT,0,0,0.25768478697276276,0.7076847869727627,0.2685,0.2,0.4375,0.0,0.31875,,,
fraud_signal,fraud_00254,A,SYNTHETIC_FRAUD_LOW,AUTO_CLEAR,PRIORITY_SUPPORT,0,1,0.024641036972762764,0.4746410369727628,0.174355,0.0,0.11962500000000001,0.0,0.059812500000000005,,,
fraud_signal,fraud_00254,B,SYNTHETIC_FRAUD_HIGH,AUTO_CLEAR,PRIORITY_SUPPORT,0,1,0.024641036972762764,0.4746410369727628,0.174355,0.0,0.11962500000000001,0.0,0.059812500000000005,,,
fraud_signal,fraud_00255,A,SYNTHETIC_FRAUD_LOW,AUTO_CLEAR,STANDARD_SUPPORT,0,0,0.4151847869727628,0.8651847869727628,0.3265,0.3,0.6875,0.0,0.49375,,,
fraud_signal,fraud_00255,B,SYNTHETIC_FRAUD_HIGH,MANUAL_REVIEW,STANDARD_SUPPORT,1,0,0.4151847869727628,0.8651847869727628,0.3265,0.3,0.6875,0.0,0.49375,,,
fraud_signal,fraud_00256,A,SYNTHETIC_FRAUD_LOW,AUTO_CLEAR,STANDARD_SUPPORT,0,0,0.2206947869727628,0.6706947869727627,0.310636,0.525,0.030299999999999994,0.0,0.27765,,,
fraud_signal,fraud_00256,B,SYNTHETIC_FRAUD_HIGH,AUTO_CLEAR,STANDARD_SUPPORT,0,0,0.2206947869727628,0.6706947869727627,0.310636,0.525,0.030299999999999994,0.0,0.27765,,,
fraud_signal,fraud_00257,A,SYNTHETIC_FRAUD_LOW,AUTO_CLEAR,STANDARD_SUPPORT,0,0,0.15330728697276277,0.6033072869727628,0.264666,0.35,0.05555000000000003,0.0,0.202775,,,
fraud_signal,fraud_00257,B,SYNTHETIC_FRAUD_HIGH,AUTO_CLEAR,STANDARD_SUPPORT,0,0,0.15330728697276277,0.6033072869727628,0.264666,0.35,0.05555000000000003,0.0,0.202775,,,
fraud_signal,fraud_00258,A,SYNTHETIC_FRAUD_LOW,AUTO_CLEAR,STANDARD_SUPPORT,0,0,0.40202228697276277,0.8520222869727627,0.35099,0.475,0.48324999999999996,0.0,0.47912499999999997,,,
fraud_signal,fraud_00258,B,SYNTHETIC_FRAUD_HIGH,MANUAL_REVIEW,STANDARD_SUPPORT,1,0,0.40202228697276277,0.8520222869727627,0.35099,0.475,0.48324999999999996,0.0,0.47912499999999997,,,
fraud_signal,fraud_00259,A,SYNTHETIC_FRAUD_LOW,AUTO_CLEAR,PRIORITY_SUPPORT,0,1,0.24980978697276277,0.6998097869727627,0.2856,0.32,0.3,0.0,0.31,,,
fraud_signal,fraud_00259,B,SYNTHETIC_FRAUD_HIGH,MANUAL_REVIEW,PRIORITY_SUPPORT,1,1,0.24980978697276277,0.6998097869727627,0.2856,0.32,0.3,0.0,0.31,,,
fraud_signal,fraud_00260,A,SYNTHETIC_FRAUD_LOW,AUTO_CLEAR,STANDARD_SUPPORT,0,0,0.24980978697276277,0.6998097869727627,0.2856,0.32,0.3,0.0,0.31,,,
fraud_signal,fraud_00260,B,SYNTHETIC_FRAUD_HIGH,AUTO_CLEAR,STANDARD_SUPPORT,0,0,0.24980978697276277,0.6998097869727627,0.2856,0.32,0.3,0.0,0.31,,,
fraud_signal,fraud_00261,A,SYNTHETIC_FRAUD_LOW,AUTO_CLEAR,PRIORITY_SUPPORT,0,1,0.24980978697276277,0.6998097869727627,0.2856,0.32,0.3,0.0,0.31,,,
fraud_signal,fraud_00261,B,SYNTHETIC_FRAUD_HIGH,MANUAL_REVIEW,PRIORITY_SUPPORT,1,1,0.24980978697276277,0.6998097869727627,0.2856,0.32,0.3,0.0,0.31,,,
fraud_signal,fraud_00262,A,SYNTHETIC_FRAUD_LOW,AUTO_CLEAR,PRIORITY_SUPPORT,0,1,0.5482779119727628,0.98,0.4099915,0.6,0.6832625,0.0,0.64163125,,,
fraud_signal,fraud_00262,B,SYNTHETIC_FRAUD_HIGH,MANUAL_REVIEW,PRIORITY_SUPPORT,1,1,0.5482779119727628,0.98,0.4099915,0.6,0.6832625,0.0,0.64163125,,,
fraud_signal,fraud_00263,A,SYNTHETIC_FRAUD_LOW,AUTO_CLEAR,PRIORITY_SUPPORT,0,1,0.24980978697276277,0.6998097869727627,0.4856,0.32,0.3,1.0,0.31,,,
fraud_signal,fraud_00263,B,SYNTHETIC_FRAUD_HIGH,MANUAL_REVIEW,PRIORITY_SUPPORT,1,1,0.24980978697276277,0.6998097869727627,0.4856,0.32,0.3,1.0,0.31,,,
fraud_signal,fraud_00264,A,SYNTHETIC_FRAUD_LOW,AUTO_CLEAR,PRIORITY_SUPPORT,0,1,0.2273097869727628,0.6773097869727628,0.2796,0.32,0.25,0.0,0.28500000000000003,,,
fraud_signal,fraud_00264,B,SYNTHETIC_FRAUD_HIGH,MANUAL_REVIEW,PRIORITY_SUPPORT,1,1,0.2273097869727628,0.6773097869727628,0.2796,0.32,0.25,0.0,0.28500000000000003,,,
fraud_signal,fraud_00265,A,SYNTHETIC_FRAUD_LOW,AUTO_CLEAR,STANDARD_SUPPORT,0,0,0.19451603697276273,0.6445160369727627,0.219655,0.0,0.49712499999999993,0.0,0.24856249999999996,,,
fraud_signal,fraud_00265,B,SYNTHETIC_FRAUD_HIGH,MANUAL_REVIEW,STANDARD_SUPPORT,1,0,0.19451603697276273,0.6445160369727627,0.219655,0.0,0.49712499999999993,0.0,0.24856249999999996,,,
fraud_signal,fraud_00266,A,SYNTHETIC_FRAUD_LOW,MANUAL_REVIEW,PRIORITY_SUPPORT,1,1,0.4320597869727627,0.8820597869727628,0.36700000000000005,0.525,0.5,0.0,0.5125,,,
fraud_signal,fraud_00266,B,SYNTHETIC_FRAUD_HIGH,MANUAL_REVIEW,PRIORITY_SUPPORT,1,1,0.4320597869727627,0.8820597869727628,0.36700000000000005,0.525,0.5,0.0,0.5125,,,
fraud_signal,fraud_00267,A,SYNTHETIC_FRAUD_LOW,MANUAL_REVIEW,STANDARD_SUPPORT,1,0,0.25768478697276276,0.7076847869727627,0.2685,0.2,0.4375,0.0,0.31875,,,
fraud_signal,fraud_00267,B,SYNTHETIC_FRAUD_HIGH,MANUAL_REVIEW,STANDARD_SUPPORT,1,0,0.25768478697276276,0.7076847869727627,0.2685,0.2,0.4375,0.0,0.31875,,,
fraud_signal,fraud_00268,A,SYNTHETIC_FRAUD_LOW,MANUAL_REVIEW,STANDARD_SUPPORT,1,0,0.6176847869727629,0.98,0.4525,0.75,0.6875,0.0,0.71875,,,
fraud_signal,fraud_00268,B,SYNTHETIC_FRAUD_HIGH,MANUAL_REVIEW,STANDARD_SUPPORT,1,0,0.6176847869727629,0.98,0.4525,0.75,0.6875,0.0,0.71875,,,
fraud_signal,fraud_00269,A,SYNTHETIC_FRAUD_LOW,MANUAL_REVIEW,PRIORITY_SUPPORT,1,1,0.24980978697276277,0.6998097869727627,0.2856,0.32,0.3,0.0,0.31,,,
fraud_signal,fraud_00269,B,SYNTHETIC_FRAUD_HIGH,MANUAL_REVIEW,PRIORITY_SUPPORT,1,1,0.24980978697276277,0.6998097869727627,0.2856,0.32,0.3,0.0,0.31,,,
fraud_signal,fraud_00270,A,SYNTHETIC_FRAUD_LOW,MANUAL_REVIEW,PRIORITY_SUPPORT,1,1,0.37894291197276275,0.8289429119727628,0.36483550000000003,0.6,0.3069625,0.0,0.45348125,,,
fraud_signal,fraud_00270,B,SYNTHETIC_FRAUD_HIGH,MANUAL_REVIEW,PRIORITY_SUPPORT,1,1,0.37894291197276275,0.8289429119727628,0.36483550000000003,0.6,0.3069625,0.0,0.45348125,,,
fraud_signal,fraud_00271,A,SYNTHETIC_FRAUD_LOW,AUTO_CLEAR,STANDARD_SUPPORT,0,0,0.24980978697276277,0.6998097869727627,0.2856,0.32,0.3,0.0,0.31,,,
fraud_signal,fraud_00271,B,SYNTHETIC_FRAUD_HIGH,MANUAL_REVIEW,STANDARD_SUPPORT,1,0,0.24980978697276277,0.6998097869727627,0.2856,0.32,0.3,0.0,0.31,,,
fraud_signal,fraud_00272,A,SYNTHETIC_FRAUD_LOW,AUTO_CLEAR,PRIORITY_SUPPORT,0,1,0.4919660369727628,0.9419660369727628,0.418975,0.75,0.40812500000000007,0.0,0.5790625,,,
fraud_signal,fraud_00272,B,SYNTHETIC_FRAUD_HIGH,MANUAL_REVIEW,PRIORITY_SUPPORT,1,1,0.4919660369727628,0.9419660369727628,0.418975,0.75,0.40812500000000007,0.0,0.5790625,,,
fraud_signal,fraud_00273,A,SYNTHETIC_FRAUD_LOW,AUTO_CLEAR,PRIORITY_SUPPORT,0,1,0.49393478697276283,0.9439347869727628,0.3915,0.575,0.5875,0.0,0.58125,,,
fraud_signal,fraud_00273,B,SYNTHETIC_FRAUD_HIGH,MANUAL_REVIEW,PRIORITY_SUPPORT,1,1,0.49393478697276283,0.9439347869727628,0.3915,0.575,0.5875,0.0,0.58125,,,
fraud_signal,fraud_00274,A,SYNTHETIC_FRAUD_LOW,AUTO_CLEAR,PRIORITY_SUPPORT,0,1,0.3083097869727628,0.7583097869727627,0.5700000000000001,0.75,0.0,1.0,0.375,,,
fraud_signal,fraud_00274,B,SYNTHETIC_FRAUD_HIGH,MANUAL_REVIEW,PRIORITY_SUPPORT,1,1,0.3083097869727628,0.7583097869727627,0.5700000000000001,0.75,0.0,1.0,0.375,,,
fraud_signal,fraud_00275,A,SYNTHETIC_FRAUD_LOW,AUTO_CLEAR,STANDARD_SUPPORT,0,0,0.1124472869727628,0.5624472869727628,0.19777,0.0,0.3147500000000001,0.0,0.15737500000000004,,,
fraud_signal,fraud_00275,B,SYNTHETIC_FRAUD_HIGH,MANUAL_REVIEW,STANDARD_SUPPORT,1,0,0.1124472869727628,0.5624472869727628,0.19777,0.0,0.3147500000000001,0.0,0.15737500000000004,,,
fraud_signal,fraud_00276,A,SYNTHETIC_FRAUD_LOW,AUTO_CLEAR,PRIORITY_SUPPORT,0,1,0.34051853697276274,0.7905185369727628,0.514589,0.35,0.47157499999999997,1.0,0.41078749999999997,,,
fraud_signal,fraud_00276,B,SYNTHETIC_FRAUD_HIGH,MANUAL_REVIEW,PRIORITY_SUPPORT,1,1,0.34051853697276274,0.7905185369727628,0.514589,0.35,0.47157499999999997,1.0,0.41078749999999997,,,
fraud_signal,fraud_00277,A,SYNTHETIC_FRAUD_LOW,MANUAL_REVIEW,STANDARD_SUPPORT,1,0,0.24980978697276277,0.6998097869727627,0.2856,0.32,0.3,0.0,0.31,,,
fraud_signal,fraud_00277,B,SYNTHETIC_FRAUD_HIGH,MANUAL_REVIEW,STANDARD_SUPPORT,1,0,0.24980978697276277,0.6998097869727627,0.2856,0.32,0.3,0.0,0.31,,,
fraud_signal,fraud_00278,A,SYNTHETIC_FRAUD_LOW,AUTO_CLEAR,STANDARD_SUPPORT,0,0,0.04727041197276277,0.4972704119727628,0.1803895,0.0,0.16991250000000005,0.0,0.08495625000000002,,,
fraud_signal,fraud_00278,B,SYNTHETIC_FRAUD_HIGH,MANUAL_REVIEW,STANDARD_SUPPORT,1,0,0.04727041197276277,0.4972704119727628,0.1803895,0.0,0.16991250000000005,0.0,0.08495625000000002,,,
fraud_signal,fraud_00279,A,SYNTHETIC_FRAUD_LOW,AUTO_CLEAR,PRIORITY_SUPPORT,0,1,0.3870597869727628,0.8370597869727628,0.339,0.425,0.5,0.0,0.4625,,,
fraud_signal,fraud_00279,B,SYNTHETIC_FRAUD_HIGH,MANUAL_REVIEW,PRIORITY_SUPPORT,1,1,0.3870597869727628,0.8370597869727628,0.339,0.425,0.5,0.0,0.4625,,,
fraud_signal,fraud_00280,A,SYNTHETIC_FRAUD_LOW,AUTO_CLEAR,PRIORITY_SUPPORT,0,1,0.24980978697276277,0.6998097869727627,0.2856,0.32,0.3,0.0,0.31,,,
fraud_signal,fraud_00280,B,SYNTHETIC_FRAUD_HIGH,MANUAL_REVIEW,PRIORITY_SUPPORT,1,1,0.24980978697276277,0.6998097869727627,0.2856,0.32,0.3,0.0,0.31,,,
fraud_signal,fraud_00281,A,SYNTHETIC_FRAUD_LOW,AUTO_CLEAR,STANDARD_SUPPORT,0,0,0.17330978697276278,0.6233097869727628,0.28600000000000003,0.45,0.0,0.0,0.225,,,
fraud_signal,fraud_00281,B,SYNTHETIC_FRAUD_HIGH,AUTO_CLEAR,STANDARD_SUPPORT,0,0,0.17330978697276278,0.6233097869727628,0.28600000000000003,0.45,0.0,0.0,0.225,,,
fraud_signal,fraud_00282,A,SYNTHETIC_FRAUD_LOW,AUTO_CLEAR,STANDARD_SUPPORT,0,0,0.30406853697276276,0.7540685369727628,0.28086900000000004,0.2,0.5405749999999999,0.0,0.3702875,,,
fraud_signal,fraud_00282,B,SYNTHETIC_FRAUD_HIGH,MANUAL_REVIEW,STANDARD_SUPPORT,1,0,0.30406853697276276,0.7540685369727628,0.28086900000000004,0.2,0.5405749999999999,0.0,0.3702875,,,
fraud_signal,fraud_00283,A,SYNTHETIC_FRAUD_LOW,AUTO_CLEAR,STANDARD_SUPPORT,0,0,0.16205978697276277,0.6120597869727628,0.259,0.3,0.125,0.0,0.2125,,,
fraud_signal,fraud_00283,B,SYNTHETIC_FRAUD_HIGH,AUTO_CLEAR,STANDARD_SUPPORT,0,0,0.16205978697276277,0.6120597869727628,0.259,0.3,0.125,0.0,0.2125,,,
fraud_signal,fraud_00284,A,SYNTHETIC_FRAUD_LOW,AUTO_CLEAR,PRIORITY_SUPPORT,0,1,0.21746603697276276,0.6674660369727627,0.225775,0.0,0.548125,0.0,0.2740625,,,
fraud_signal,fraud_00284,B,SYNTHETIC_FRAUD_HIGH,MANUAL_REVIEW,PRIORITY_SUPPORT,1,1,0.21746603697276276,0.6674660369727627,0.225775,0.0,0.548125,0.0,0.2740625,,,
fraud_signal,fraud_00285,A,SYNTHETIC_FRAUD_LOW,AUTO_CLEAR,PRIORITY_SUPPORT,0,1,0.48679666197276267,0.9367966619727627,0.3935965,0.6,0.5466374999999999,0.0,0.5733187499999999,,,
fraud_signal,fraud_00285,B,SYNTHETIC_FRAUD_HIGH,MANUAL_REVIEW,PRIORITY_SUPPORT,1,1,0.48679666197276267,0.9367966619727627,0.3935965,0.6,0.5466374999999999,0.0,0.5733187499999999,,,
fraud_signal,fraud_00286,A,SYNTHETIC_FRAUD_LOW,AUTO_CLEAR,STANDARD_SUPPORT,0,0,0.24980978697276277,0.6998097869727627,0.2856,0.32,0.3,0.0,0.31,,,
fraud_signal,fraud_00286,B,SYNTHETIC_FRAUD_HIGH,AUTO_CLEAR,STANDARD_SUPPORT,0,0,0.24980978697276277,0.6998097869727627,0.2856,0.32,0.3,0.0,0.31,,,
fraud_signal,fraud_00287,A,SYNTHETIC_FRAUD_LOW,MANUAL_REVIEW,STANDARD_SUPPORT,1,0,0.5558097869727627,0.98,0.6760000000000002,1.0,0.3,1.0,0.65,,,
fraud_signal,fraud_00287,B,SYNTHETIC_FRAUD_HIGH,MANUAL_REVIEW,STANDARD_SUPPORT,1,0,0.5558097869727627,0.98,0.6760000000000002,1.0,0.3,1.0,0.65,,,
fraud_signal,fraud_00288,A,SYNTHETIC_FRAUD_LOW,AUTO_CLEAR,STANDARD_SUPPORT,0,0,0.26990228697276275,0.7199022869727628,0.291758,0.325,0.33964999999999995,0.0,0.332325,,,
fraud_signal,fraud_00288,B,SYNTHETIC_FRAUD_HIGH,MANUAL_REVIEW,STANDARD_SUPPORT,1,0,0.26990228697276275,0.7199022869727628,0.291758,0.325,0.33964999999999995,0.0,0.332325,,,
fraud_signal,fraud_00289,A,SYNTHETIC_FRAUD_LOW,MANUAL_REVIEW,STANDARD_SUPPORT,1,0,0.24980978697276277,0.6998097869727627,0.2856,0.32,0.3,0.0,0.31,,,
fraud_signal,fraud_00289,B,SYNTHETIC_FRAUD_HIGH,MANUAL_REVIEW,STANDARD_SUPPORT,1,0,0.24980978697276277,0.6998097869727627,0.2856,0.32,0.3,0.0,0.31,,,
fraud_signal,fraud_00290,A,SYNTHETIC_FRAUD_LOW,MANUAL_REVIEW,PRIORITY_SUPPORT,1,1,0.24980978697276277,0.6998097869727627,0.2856,0.32,0.3,0.0,0.31,,,
fraud_signal,fraud_00290,B,SYNTHETIC_FRAUD_HIGH,MANUAL_REVIEW,PRIORITY_SUPPORT,1,1,0.24980978697276277,0.6998097869727627,0.2856,0.32,0.3,0.0,0.31,,,
fraud_signal,fraud_00291,A,SYNTHETIC_FRAUD_LOW,AUTO_CLEAR,STANDARD_SUPPORT,0,0,0.40955978697276274,0.8595597869727628,0.35300000000000004,0.475,0.5,0.0,0.4875,,,
fraud_signal,fraud_00291,B,SYNTHETIC_FRAUD_HIGH,MANUAL_REVIEW,STANDARD_SUPPORT,1,0,0.40955978697276274,0.8595597869727628,0.35300000000000004,0.475,0.5,0.0,0.4875,,,
fraud_signal,fraud_00292,A,SYNTHETIC_FRAUD_LOW,MANUAL_REVIEW,PRIORITY_SUPPORT,1,1,0.45089228697276285,0.9008922869727628,0.580022,0.575,0.49185,1.0,0.533425,,,
fraud_signal,fraud_00292,B,SYNTHETIC_FRAUD_HIGH,MANUAL_REVIEW,PRIORITY_SUPPORT,1,1,0.45089228697276285,0.9008922869727628,0.580022,0.575,0.49185,1.0,0.533425,,,
fraud_signal,fraud_00293,A,SYNTHETIC_FRAUD_LOW,AUTO_CLEAR,PRIORITY_SUPPORT,0,1,0.09854791197276278,0.5485479119727628,0.3940635,0.0,0.2838625,1.0,0.14193125,,,
fraud_signal,fraud_00293,B,SYNTHETIC_FRAUD_HIGH,AUTO_CLEAR,PRIORITY_SUPPORT,0,1,0.09854791197276278,0.5485479119727628,0.3940635,0.0,0.2838625,1.0,0.14193125,,,
fraud_signal,fraud_00294,A,SYNTHETIC_FRAUD_LOW,AUTO_CLEAR,STANDARD_SUPPORT,0,0,0.28580978697276277,0.7358097869727628,0.276,0.2,0.5,0.0,0.35,,,
fraud_signal,fraud_00294,B,SYNTHETIC_FRAUD_HIGH,MANUAL_REVIEW,STANDARD_SUPPORT,1,0,0.28580978697276277,0.7358097869727628,0.276,0.2,0.5,0.0,0.35,,,
fraud_signal,fraud_00295,A,SYNTHETIC_FRAUD_LOW,AUTO_CLEAR,STANDARD_SUPPORT,0,0,0.24980978697276277,0.6998097869727627,0.2856,0.32,0.3,0.0,0.31,,,
fraud_signal,fraud_00295,B,SYNTHETIC_FRAUD_HIGH,MANUAL_REVIEW,STANDARD_SUPPORT,1,0,0.24980978697276277,0.6998097869727627,0.2856,0.32,0.3,0.0,0.31,,,
fraud_signal,fraud_00296,A,SYNTHETIC_FRAUD_LOW,MANUAL_REVIEW,STANDARD_SUPPORT,1,0,0.24980978697276277,0.6998097869727627,0.2856,0.32,0.3,0.0,0.31,,,
fraud_signal,fraud_00296,B,SYNTHETIC_FRAUD_HIGH,MANUAL_REVIEW,STANDARD_SUPPORT,1,0,0.24980978697276277,0.6998097869727627,0.2856,0.32,0.3,0.0,0.31,,,
fraud_signal,fraud_00297,A,SYNTHETIC_FRAUD_LOW,AUTO_CLEAR,PRIORITY_SUPPORT,0,1,0.5393622869727628,0.98,0.6716140000000002,1.0,0.26345,1.0,0.631725,,,
fraud_signal,fraud_00297,B,SYNTHETIC_FRAUD_HIGH,MANUAL_REVIEW,PRIORITY_SUPPORT,1,1,0.5393622869727628,0.98,0.6716140000000002,1.0,0.26345,1.0,0.631725,,,
fraud_signal,fraud_00298,A,SYNTHETIC_FRAUD_LOW,AUTO_CLEAR,STANDARD_SUPPORT,0,0,0.5648097869727629,0.98,0.36960000000000004,0.32,1.0,0.0,0.66,,,
fraud_signal,fraud_00298,B,SYNTHETIC_FRAUD_HIGH,MANUAL_REVIEW,STANDARD_SUPPORT,1,0,0.5648097869727629,0.98,0.36960000000000004,0.32,1.0,0.0,0.66,,,
fraud_signal,fraud_00299,A,SYNTHETIC_FRAUD_LOW,AUTO_CLEAR,STANDARD_SUPPORT,0,0,0.39830978697276276,0.8483097869727627,0.526,0.325,0.625,1.0,0.475,,,
fraud_signal,fraud_00299,B,SYNTHETIC_FRAUD_HIGH,AUTO_CLEAR,STANDARD_SUPPORT,0,0,0.39830978697276276,0.8483097869727627,0.526,0.325,0.625,1.0,0.475,,,
fraud_signal,fraud_00300,A,SYNTHETIC_FRAUD_LOW,AUTO_CLEAR,PRIORITY_SUPPORT,0,1,0.3260622869727628,0.7760622869727628,0.306734,0.325,0.4644500000000001,0.0,0.39472500000000005,,,
fraud_signal,fraud_00300,B,SYNTHETIC_FRAUD_HIGH,MANUAL_REVIEW,PRIORITY_SUPPORT,1,1,0.3260622869727628,0.7760622869727628,0.306734,0.325,0.4644500000000001,0.0,0.39472500000000005,,,
fraud_signal,fraud_00301,A,SYNTHETIC_FRAUD_LOW,AUTO_CLEAR,PRIORITY_SUPPORT,0,1,0.5051847869727628,0.9551847869727628,0.37850000000000006,0.475,0.7125,0.0,0.59375,,,
fraud_signal,fraud_00301,B,SYNTHETIC_FRAUD_HIGH,MANUAL_REVIEW,PRIORITY_SUPPORT,1,1,0.5051847869727628,0.9551847869727628,0.37850000000000006,0.475,0.7125,0.0,0.59375,,,
fraud_signal,fraud_00302,A,SYNTHETIC_FRAUD_LOW,AUTO_CLEAR,PRIORITY_SUPPORT,0,1,0.24980978697276277,0.6998097869727627,0.2856,0.32,0.3,0.0,0.31,,,
fraud_signal,fraud_00302,B,SYNTHETIC_FRAUD_HIGH,AUTO_CLEAR,PRIORITY_SUPPORT,0,1,0.24980978697276277,0.6998097869727627,0.2856,0.32,0.3,0.0,0.31,,,
fraud_signal,fraud_00303,A,SYNTHETIC_FRAUD_LOW,AUTO_CLEAR,STANDARD_SUPPORT,0,0,0.14369416197276277,0.5936941619727628,0.2061025,0.0,0.3841875,0.0,0.19209375,,,
fraud_signal,fraud_00303,B,SYNTHETIC_FRAUD_HIGH,AUTO_CLEAR,STANDARD_SUPPORT,0,0,0.14369416197276277,0.5936941619727628,0.2061025,0.0,0.3841875,0.0,0.19209375,,,
fraud_signal,fraud_00304,A,SYNTHETIC_FRAUD_LOW,AUTO_CLEAR,PRIORITY_SUPPORT,0,1,0.24980978697276277,0.6998097869727627,0.2856,0.32,0.3,0.0,0.31,,,
fraud_signal,fraud_00304,B,SYNTHETIC_FRAUD_HIGH,AUTO_CLEAR,PRIORITY_SUPPORT,0,1,0.24980978697276277,0.6998097869727627,0.2856,0.32,0.3,0.0,0.31,,,
fraud_signal,fraud_00305,A,SYNTHETIC_FRAUD_LOW,AUTO_CLEAR,PRIORITY_SUPPORT,0,1,0.19580978697276277,0.6458097869727628,0.42,0.0,0.5,1.0,0.25,,,
fraud_signal,fraud_00305,B,SYNTHETIC_FRAUD_HIGH,AUTO_CLEAR,PRIORITY_SUPPORT,0,1,0.19580978697276277,0.6458097869727628,0.42,0.0,0.5,1.0,0.25,,,
fraud_signal,fraud_00306,A,SYNTHETIC_FRAUD_LOW,AUTO_CLEAR,STANDARD_SUPPORT,0,0,0.1931041619727628,0.6431041619727629,0.4192785,0.0,0.4939875000000001,1.0,0.24699375000000004,,,
fraud_signal,fraud_00306,B,SYNTHETIC_FRAUD_HIGH,MANUAL_REVIEW,STANDARD_SUPPORT,1,0,0.1931041619727628,0.6431041619727629,0.4192785,0.0,0.4939875000000001,1.0,0.24699375000000004,,,
fraud_signal,fraud_00307,A,SYNTHETIC_FRAUD_LOW,AUTO_CLEAR,STANDARD_SUPPORT,0,0,0.2554347869727628,0.7054347869727629,0.2871,0.32,0.3125,0.0,0.31625000000000003,,,
fraud_signal,fraud_00307,B,SYNTHETIC_FRAUD_HIGH,MANUAL_REVIEW,STANDARD_SUPPORT,1,0,0.2554347869727628,0.7054347869727629,0.2871,0.32,0.3125,0.0,0.31625000000000003,,,
fraud_signal,fraud_00308,A,SYNTHETIC_FRAUD_LOW,AUTO_CLEAR,STANDARD_SUPPORT,0,0,0.24980978697276277,0.6998097869727627,0.2856,0.32,0.3,0.0,0.31,,,
fraud_signal,fraud_00308,B,SYNTHETIC_FRAUD_HIGH,MANUAL_REVIEW,STANDARD_SUPPORT,1,0,0.24980978697276277,0.6998097869727627,0.2856,0.32,0.3,0.0,0.31,,,
fraud_signal,fraud_00309,A,SYNTHETIC_FRAUD_LOW,AUTO_CLEAR,STANDARD_SUPPORT,0,0,0.24980978697276277,0.6998097869727627,0.2856,0.32,0.3,0.0,0.31,,,
fraud_signal,fraud_00309,B,SYNTHETIC_FRAUD_HIGH,AUTO_CLEAR,STANDARD_SUPPORT,0,0,0.24980978697276277,0.6998097869727627,0.2856,0.32,0.3,0.0,0.31,,,
fraud_signal,fraud_00310,A,SYNTHETIC_FRAUD_LOW,MANUAL_REVIEW,STANDARD_SUPPORT,1,0,0.5325222869727628,0.98,0.42979,0.75,0.49824999999999997,0.0,0.624125,,,
fraud_signal,fraud_00310,B,SYNTHETIC_FRAUD_HIGH,MANUAL_REVIEW,STANDARD_SUPPORT,1,0,0.5325222869727628,0.98,0.42979,0.75,0.49824999999999997,0.0,0.624125,,,
fraud_signal,fraud_00311,A,SYNTHETIC_FRAUD_LOW,MANUAL_REVIEW,PRIORITY_SUPPORT,1,1,0.24980978697276277,0.6998097869727627,0.2856,0.32,0.3,0.0,0.31,,,
fraud_signal,fraud_00311,B,SYNTHETIC_FRAUD_HIGH,MANUAL_REVIEW,PRIORITY_SUPPORT,1,1,0.24980978697276277,0.6998097869727627,0.2856,0.32,0.3,0.0,0.31,,,
fraud_signal,fraud_00312,A,SYNTHETIC_FRAUD_LOW,MANUAL_REVIEW,PRIORITY_SUPPORT,1,1,0.24980978697276277,0.6998097869727627,0.2856,0.32,0.3,0.0,0.31,,,
fraud_signal,fraud_00312,B,SYNTHETIC_FRAUD_HIGH,AUTO_CLEAR,PRIORITY_SUPPORT,0,1,0.24980978697276277,0.6998097869727627,0.2856,0.32,0.3,0.0,0.31,,,
fraud_signal,fraud_00313,A,SYNTHETIC_FRAUD_LOW,AUTO_CLEAR,STANDARD_SUPPORT,0,0,0.11143478697276277,0.5614347869727627,0.1975,0.0,0.3125,0.0,0.15625,,,
fraud_signal,fraud_00313,B,SYNTHETIC_FRAUD_HIGH,MANUAL_REVIEW,STANDARD_SUPPORT,1,0,0.11143478697276277,0.5614347869727627,0.1975,0.0,0.3125,0.0,0.15625,,,
fraud_signal,fraud_00314,A,SYNTHETIC_FRAUD_LOW,MANUAL_REVIEW,STANDARD_SUPPORT,1,0,0.4489347869727628,0.8989347869727629,0.34750000000000003,0.375,0.6875,0.0,0.53125,,,
fraud_signal,fraud_00314,B,SYNTHETIC_FRAUD_HIGH,MANUAL_REVIEW,STANDARD_SUPPORT,1,0,0.4489347869727628,0.8989347869727629,0.34750000000000003,0.375,0.6875,0.0,0.53125,,,
fraud_signal,fraud_00315,A,SYNTHETIC_FRAUD_LOW,AUTO_CLEAR,STANDARD_SUPPORT,0,0,0.4489347869727628,0.8989347869727629,0.6075,0.75,0.3125,1.0,0.53125,,,
fraud_signal,fraud_00315,B,SYNTHETIC_FRAUD_HIGH,MANUAL_REVIEW,STANDARD_SUPPORT,1,0,0.4489347869727628,0.8989347869727629,0.6075,0.75,0.3125,1.0,0.53125,,,
fraud_signal,fraud_00316,A,SYNTHETIC_FRAUD_LOW,MANUAL_REVIEW,PRIORITY_SUPPORT,1,1,0.5501847869727627,0.98,0.4105,0.6,0.6875,0.0,0.64375,,,
fraud_signal,fraud_00316,B,SYNTHETIC_FRAUD_HIGH,MANUAL_REVIEW,PRIORITY_SUPPORT,1,1,0.5501847869727627,0.98,0.4105,0.6,0.6875,0.0,0.64375,,,
fraud_signal,fraud_00317,A,SYNTHETIC_FRAUD_LOW,AUTO_CLEAR,STANDARD_SUPPORT,0,0,0.24980978697276277,0.6998097869727627,0.2856,0.32,0.3,0.0,0.31,,,
fraud_signal,fraud_00317,B,SYNTHETIC_FRAUD_HIGH,MANUAL_REVIEW,STANDARD_SUPPORT,1,0,0.24980978697276277,0.6998097869727627,0.2856,0.32,0.3,0.0,0.31,,,
fraud_signal,fraud_00318,A,SYNTHETIC_FRAUD_LOW,AUTO_CLEAR,STANDARD_SUPPORT,0,0,0.06080978697276279,0.5108097869727628,0.21600000000000003,0.2,0.0,0.0,0.1,,,
fraud_signal,fraud_00318,B,SYNTHETIC_FRAUD_HIGH,AUTO_CLEAR,STANDARD_SUPPORT,0,0,0.06080978697276279,0.5108097869727628,0.21600000000000003,0.2,0.0,0.0,0.1,,,
fraud_signal,fraud_00319,A,SYNTHETIC_FRAUD_LOW,AUTO_CLEAR,STANDARD_SUPPORT,0,0,0.2351847869727628,0.6851847869727627,0.5105,0.5,0.0875,1.0,0.29375,,,
fraud_signal,fraud_00319,B,SYNTHETIC_FRAUD_HIGH,MANUAL_REVIEW,STANDARD_SUPPORT,1,0,0.2351847869727628,0.6851847869727627,0.5105,0.5,0.0875,1.0,0.29375,,,
fraud_signal,fraud_00320,A,SYNTHETIC_FRAUD_LOW,AUTO_CLEAR,STANDARD_SUPPORT,0,0,0.24980978697276277,0.6998097869727627,0.4856,0.32,0.3,1.0,0.31,,,
fraud_signal,fraud_00320,B,SYNTHETIC_FRAUD_HIGH,MANUAL_REVIEW,STANDARD_SUPPORT,1,0,0.24980978697276277,0.6998097869727627,0.4856,0.32,0.3,1.0,0.31,,,
fraud_signal,fraud_00321,A,SYNTHETIC_FRAUD_LOW,MANUAL_REVIEW,PRIORITY_SUPPORT,1,1,0.24980978697276277,0.6998097869727627,0.2856,0.32,0.3,0.0,0.31,,,
fraud_signal,fraud_00321,B,SYNTHETIC_FRAUD_HIGH,MANUAL_REVIEW,PRIORITY_SUPPORT,1,1,0.24980978697276277,0.6998097869727627,0.2856,0.32,0.3,0.0,0.31,,,
fraud_signal,fraud_00322,A,SYNTHETIC_FRAUD_LOW,MANUAL_REVIEW,STANDARD_SUPPORT,1,0,0.6067441619727628,0.98,0.6895825000000001,1.0,0.4131875000000001,1.0,0.70659375,,,
fraud_signal,fraud_00322,B,SYNTHETIC_FRAUD_HIGH,MANUAL_REVIEW,STANDARD_SUPPORT,1,0,0.6067441619727628,0.98,0.6895825000000001,1.0,0.4131875000000001,1.0,0.70659375,,,
fraud_signal,fraud_00323,A,SYNTHETIC_FRAUD_LOW,MANUAL_REVIEW,STANDARD_SUPPORT,1,0,0.1517547869727628,0.6017547869727629,0.208252,0.0,0.40210000000000007,0.0,0.20105000000000003,,,
fraud_signal,fraud_00323,B,SYNTHETIC_FRAUD_HIGH,MANUAL_REVIEW,STANDARD_SUPPORT,1,0,0.1517547869727628,0.6017547869727629,0.208252,0.0,0.40210000000000007,0.0,0.20105000000000003,,,
fraud_signal,fraud_00324,A,SYNTHETIC_FRAUD_LOW,MANUAL_REVIEW,STANDARD_SUPPORT,1,0,0.24980978697276277,0.6998097869727627,0.2856,0.32,0.3,0.0,0.31,,,
fraud_signal,fraud_00324,B,SYNTHETIC_FRAUD_HIGH,MANUAL_REVIEW,STANDARD_SUPPORT,1,0,0.24980978697276277,0.6998097869727627,0.2856,0.32,0.3,0.0,0.31,,,
fraud_signal,fraud_00325,A,SYNTHETIC_FRAUD_LOW,MANUAL_REVIEW,STANDARD_SUPPORT,1,0,0.30825353697276275,0.7582535369727628,0.249985,0.0,0.749875,0.0,0.3749375,,,
fraud_signal,fraud_00325,B,SYNTHETIC_FRAUD_HIGH,AUTO_CLEAR,STANDARD_SUPPORT,0,0,0.30825353697276275,0.7582535369727628,0.249985,0.0,0.749875,0.0,0.3749375,,,
fraud_signal,fraud_00326,A,SYNTHETIC_FRAUD_LOW,MANUAL_REVIEW,PRIORITY_SUPPORT,1,1,0.4845466619727628,0.9345466619727628,0.6169965000000001,0.75,0.3916375,1.0,0.57081875,,,
fraud_signal,fraud_00326,B,SYNTHETIC_FRAUD_HIGH,MANUAL_REVIEW,PRIORITY_SUPPORT,1,1,0.4845466619727628,0.9345466619727628,0.6169965000000001,0.75,0.3916375,1.0,0.57081875,,,
fraud_signal,fraud_00327,A,SYNTHETIC_FRAUD_LOW,AUTO_CLEAR,PRIORITY_SUPPORT,0,1,0.20226166197276282,0.6522616619727628,0.2537205,0.2,0.31433750000000005,0.0,0.25716875000000006,,,
fraud_signal,fraud_00327,B,SYNTHETIC_FRAUD_HIGH,MANUAL_REVIEW,PRIORITY_SUPPORT,1,1,0.20226166197276282,0.6522616619727628,0.2537205,0.2,0.31433750000000005,0.0,0.25716875000000006,,,
fraud_signal,fraud_00328,A,SYNTHETIC_FRAUD_LOW,AUTO_CLEAR,STANDARD_SUPPORT,0,0,0.5051847869727628,0.9551847869727628,0.38250000000000006,0.5,0.6875,0.0,0.59375,,,
fraud_signal,fraud_00328,B,SYNTHETIC_FRAUD_HIGH,MANUAL_REVIEW,STANDARD_SUPPORT,1,0,0.5051847869727628,0.9551847869727628,0.38250000000000006,0.5,0.6875,0.0,0.59375,,,
fraud_signal,fraud_00329,A,SYNTHETIC_FRAUD_LOW,AUTO_CLEAR,STANDARD_SUPPORT,0,0,0.19580978697276277,0.6458097869727628,0.22,0.0,0.5,0.0,0.25,,,
fraud_signal,fraud_00329,B,SYNTHETIC_FRAUD_HIGH,MANUAL_REVIEW,STANDARD_SUPPORT,1,0,0.19580978697276277,0.6458097869727628,0.22,0.0,0.5,0.0,0.25,,,
fraud_signal,fraud_00330,A,SYNTHETIC_FRAUD_LOW,AUTO_CLEAR,STANDARD_SUPPORT,0,0,0.6519691619727628,0.98,0.7016425000000002,1.0,0.5136875,1.0,0.75684375,,,
fraud_signal,fraud_00330,B,SYNTHETIC_FRAUD_HIGH,MANUAL_REVIEW,STANDARD_SUPPORT,1,0,0.6519691619727628,0.98,0.7016425000000002,1.0,0.5136875,1.0,0.75684375,,,
fraud_signal,fraud_00331,A,SYNTHETIC_FRAUD_LOW,AUTO_CLEAR,STANDARD_SUPPORT,0,0,0.24980978697276277,0.6998097869727627,0.2856,0.32,0.3,0.0,0.31,,,
fraud_signal,fraud_00331,B,SYNTHETIC_FRAUD_HIGH,AUTO_CLEAR,STANDARD_SUPPORT,0,0,0.24980978697276277,0.6998097869727627,0.2856,0.32,0.3,0.0,0.31,,,
fraud_signal,fraud_00332,A,SYNTHETIC_FRAUD_LOW,AUTO_CLEAR,PRIORITY_SUPPORT,0,1,0.24980978697276277,0.6998097869727627,0.2856,0.32,0.3,0.0,0.31,,,
fraud_signal,fraud_00332,B,SYNTHETIC_FRAUD_HIGH,AUTO_CLEAR,PRIORITY_SUPPORT,0,1,0.24980978697276277,0.6998097869727627,0.2856,0.32,0.3,0.0,0.31,,,
fraud_signal,fraud_00333,A,SYNTHETIC_FRAUD_LOW,AUTO_CLEAR,PRIORITY_SUPPORT,0,1,0.21854041197276275,0.6685404119727627,0.4740615,0.3,0.25051249999999997,1.0,0.27525625,,,
fraud_signal,fraud_00333,B,SYNTHETIC_FRAUD_HIGH,AUTO_CLEAR,PRIORITY_SUPPORT,0,1,0.21854041197276275,0.6685404119727627,0.4740615,0.3,0.25051249999999997,1.0,0.27525625,,,
fraud_signal,fraud_00334,A,SYNTHETIC_FRAUD_LOW,AUTO_CLEAR,STANDARD_SUPPORT,0,0,0.31933478697276274,0.7693347869727628,0.5369400000000001,0.525,0.2495,1.0,0.38725,,,
fraud_signal,fraud_00334,B,SYNTHETIC_FRAUD_HIGH,MANUAL_REVIEW,STANDARD_SUPPORT,1,0,0.31933478697276274,0.7693347869727628,0.5369400000000001,0.525,0.2495,1.0,0.38725,,,
fraud_signal,fraud_00335,A,SYNTHETIC_FRAUD_LOW,AUTO_CLEAR,STANDARD_SUPPORT,0,0,0.24980978697276277,0.6998097869727627,0.2856,0.32,0.3,0.0,0.31,,,
fraud_signal,fraud_00335,B,SYNTHETIC_FRAUD_HIGH,MANUAL_REVIEW,STANDARD_SUPPORT,1,0,0.24980978697276277,0.6998097869727627,0.2856,0.32,0.3,0.0,0.31,,,
fraud_signal,fraud_00336,A,SYNTHETIC_FRAUD_LOW,AUTO_CLEAR,STANDARD_SUPPORT,0,0,0.24980978697276277,0.6998097869727627,0.2856,0.32,0.3,0.0,0.31,,,
fraud_signal,fraud_00336,B,SYNTHETIC_FRAUD_HIGH,MANUAL_REVIEW,STANDARD_SUPPORT,1,0,0.24980978697276277,0.6998097869727627,0.2856,0.32,0.3,0.0,0.31,,,
fraud_signal,fraud_00337,A,SYNTHETIC_FRAUD_LOW,AUTO_CLEAR,PRIORITY_SUPPORT,0,1,0.19537103697276276,0.6453710369727628,0.219883,0.0,0.49902499999999994,0.0,0.24951249999999997,,,
fraud_signal,fraud_00337,B,SYNTHETIC_FRAUD_HIGH,MANUAL_REVIEW,PRIORITY_SUPPORT,1,1,0.19537103697276276,0.6453710369727628,0.219883,0.0,0.49902499999999994,0.0,0.24951249999999997,,,
fraud_signal,fraud_00338,A,SYNTHETIC_FRAUD_LOW,AUTO_CLEAR,PRIORITY_SUPPORT,0,1,0.28580978697276277,0.7358097869727628,0.296,0.325,0.375,0.0,0.35,,,
fraud_signal,fraud_00338,B,SYNTHETIC_FRAUD_HIGH,MANUAL_REVIEW,PRIORITY_SUPPORT,1,1,0.28580978697276277,0.7358097869727628,0.296,0.325,0.375,0.0,0.35,,,
fraud_signal,fraud_00339,A,SYNTHETIC_FRAUD_LOW,AUTO_CLEAR,STANDARD_SUPPORT,0,0,0.24980978697276277,0.6998097869727627,0.2856,0.32,0.3,0.0,0.31,,,
fraud_signal,fraud_00339,B,SYNTHETIC_FRAUD_HIGH,AUTO_CLEAR,STANDARD_SUPPORT,0,0,0.24980978697276277,0.6998097869727627,0.2856,0.32,0.3,0.0,0.31,,,
fraud_signal,fraud_00340,A,SYNTHETIC_FRAUD_LOW,AUTO_CLEAR,STANDARD_SUPPORT,0,0,0.24980978697276277,0.6998097869727627,0.2856,0.32,0.3,0.0,0.31,,,
fraud_signal,fraud_00340,B,SYNTHETIC_FRAUD_HIGH,AUTO_CLEAR,STANDARD_SUPPORT,0,0,0.24980978697276277,0.6998097869727627,0.2856,0.32,0.3,0.0,0.31,,,
fraud_signal,fraud_00341,A,SYNTHETIC_FRAUD_LOW,MANUAL_REVIEW,STANDARD_SUPPORT,1,0,0.3758097869727628,0.8258097869727627,0.332,0.4,0.5,0.0,0.45,,,
fraud_signal,fraud_00341,B,SYNTHETIC_FRAUD_HIGH,MANUAL_REVIEW,STANDARD_SUPPORT,1,0,0.3758097869727628,0.8258097869727627,0.332,0.4,0.5,0.0,0.45,,,
fraud_signal,fraud_00342,A,SYNTHETIC_FRAUD_LOW,AUTO_CLEAR,PRIORITY_SUPPORT,0,1,0.5895597869727628,0.98,0.645,0.75,0.625,1.0,0.6875,,,
fraud_signal,fraud_00342,B,SYNTHETIC_FRAUD_HIGH,MANUAL_REVIEW,PRIORITY_SUPPORT,1,1,0.5895597869727628,0.98,0.645,0.75,0.625,1.0,0.6875,,,
fraud_signal,fraud_00343,A,SYNTHETIC_FRAUD_LOW,AUTO_CLEAR,STANDARD_SUPPORT,0,0,0.24980978697276277,0.6998097869727627,0.2856,0.32,0.3,0.0,0.31,,,
fraud_signal,fraud_00343,B,SYNTHETIC_FRAUD_HIGH,MANUAL_REVIEW,STANDARD_SUPPORT,1,0,0.24980978697276277,0.6998097869727627,0.2856,0.32,0.3,0.0,0.31,,,
fraud_signal,fraud_00344,A,SYNTHETIC_FRAUD_LOW,AUTO_CLEAR,PRIORITY_SUPPORT,0,1,0.22393478697276276,0.6739347869727628,0.2275,0.0,0.5625,0.0,0.28125,,,
fraud_signal,fraud_00344,B,SYNTHETIC_FRAUD_HIGH,MANUAL_REVIEW,PRIORITY_SUPPORT,1,1,0.22393478697276276,0.6739347869727628,0.2275,0.0,0.5625,0.0,0.28125,,,
fraud_signal,fraud_00345,A,SYNTHETIC_FRAUD_LOW,MANUAL_REVIEW,STANDARD_SUPPORT,1,0,0.24980978697276277,0.6998097869727627,0.2856,0.32,0.3,0.0,0.31,,,
fraud_signal,fraud_00345,B,SYNTHETIC_FRAUD_HIGH,MANUAL_REVIEW,STANDARD_SUPPORT,1,0,0.24980978697276277,0.6998097869727627,0.2856,0.32,0.3,0.0,0.31,,,
fraud_signal,fraud_00346,A,SYNTHETIC_FRAUD_LOW,MANUAL_REVIEW,PRIORITY_SUPPORT,1,1,0.24980978697276277,0.6998097869727627,0.2856,0.32,0.3,0.0,0.31,,,
fraud_signal,fraud_00346,B,SYNTHETIC_FRAUD_HIGH,AUTO_CLEAR,PRIORITY_SUPPORT,0,1,0.24980978697276277,0.6998097869727627,0.2856,0.32,0.3,0.0,0.31,,,
fraud_signal,fraud_00347,A,SYNTHETIC_FRAUD_LOW,AUTO_CLEAR,STANDARD_SUPPORT,0,0,0.3758097869727628,0.8258097869727627,0.312,0.275,0.625,0.0,0.45,,,
fraud_signal,fraud_00347,B,SYNTHETIC_FRAUD_HIGH,MANUAL_REVIEW,STANDARD_SUPPORT,1,0,0.3758097869727628,0.8258097869727627,0.312,0.275,0.625,0.0,0.45,,,
fraud_signal,fraud_00348,A,SYNTHETIC_FRAUD_LOW,AUTO_CLEAR,PRIORITY_SUPPORT,0,1,0.2801847869727628,0.7301847869727628,0.2425,0.0,0.6875,0.0,0.34375,,,
fraud_signal,fraud_00348,B,SYNTHETIC_FRAUD_HIGH,MANUAL_REVIEW,PRIORITY_SUPPORT,1,1,0.2801847869727628,0.7301847869727628,0.2425,0.0,0.6875,0.0,0.34375,,,
fraud_signal,fraud_00349,A,SYNTHETIC_FRAUD_LOW,AUTO_CLEAR,STANDARD_SUPPORT,0,0,0.30223478697276274,0.7522347869727628,0.29958,0.32,0.4164999999999999,0.0,0.36824999999999997,,,
fraud_signal,fraud_00349,B,SYNTHETIC_FRAUD_HIGH,MANUAL_REVIEW,STANDARD_SUPPORT,1,0,0.30223478697276274,0.7522347869727628,0.29958,0.32,0.4164999999999999,0.0,0.36824999999999997,,,
fraud_signal,fraud_00350,A,SYNTHETIC_FRAUD_LOW,AUTO_CLEAR,STANDARD_SUPPORT,0,0,0.22269166197276277,0.6726916619727628,0.30316850000000006,0.475,0.08473750000000005,0.0,0.27986875,,,
fraud_signal,fraud_00350,B,SYNTHETIC_FRAUD_HIGH,MANUAL_REVIEW,STANDARD_SUPPORT,1,0,0.22269166197276277,0.6726916619727628,0.30316850000000006,0.475,0.08473750000000005,0.0,0.27986875,,,
fraud_signal,fraud_00351,A,SYNTHETIC_FRAUD_LOW,AUTO_CLEAR,STANDARD_SUPPORT,0,0,0.22955978697276275,0.6795597869727628,0.261,0.2,0.375,0.0,0.2875,,,
fraud_signal,fraud_00351,B,SYNTHETIC_FRAUD_HIGH,AUTO_CLEAR,STANDARD_SUPPORT,0,0,0.22955978697276275,0.6795597869727628,0.261,0.2,0.375,0.0,0.2875,,,
fraud_signal,fraud_00352,A,SYNTHETIC_FRAUD_LOW,AUTO_CLEAR,STANDARD_SUPPORT,0,0,0.24980978697276277,0.6998097869727627,0.2856,0.32,0.3,0.0,0.31,,,
fraud_signal,fraud_00352,B,SYNTHETIC_FRAUD_HIGH,MANUAL_REVIEW,STANDARD_SUPPORT,1,0,0.24980978697276277,0.6998097869727627,0.2856,0.32,0.3,0.0,0.31,,,
fraud_signal,fraud_00353,A,SYNTHETIC_FRAUD_LOW,AUTO_CLEAR,PRIORITY_SUPPORT,0,1,0.4994028100977628,0.9494028100977627,0.3521581395,0.32,0.8546511625000001,0.0,0.58732558125,,,
fraud_signal,fraud_00353,B,SYNTHETIC_FRAUD_HIGH,MANUAL_REVIEW,PRIORITY_SUPPORT,1,1,0.4994028100977628,0.9494028100977627,0.3521581395,0.32,0.8546511625000001,0.0,0.58732558125,,,
fraud_signal,fraud_00354,A,SYNTHETIC_FRAUD_LOW,AUTO_CLEAR,PRIORITY_SUPPORT,0,1,0.053249786972762725,0.5032497869727628,0.181984,0.0,0.18319999999999997,0.0,0.09159999999999999,,,
fraud_signal,fraud_00354,B,SYNTHETIC_FRAUD_HIGH,MANUAL_REVIEW,PRIORITY_SUPPORT,1,1,0.053249786972762725,0.5032497869727628,0.181984,0.0,0.18319999999999997,0.0,0.09159999999999999,,,
fraud_signal,fraud_00355,A,SYNTHETIC_FRAUD_LOW,MANUAL_REVIEW,PRIORITY_SUPPORT,1,1,0.24980978697276277,0.6998097869727627,0.2856,0.32,0.3,0.0,0.31,,,
fraud_signal,fraud_00355,B,SYNTHETIC_FRAUD_HIGH,MANUAL_REVIEW,PRIORITY_SUPPORT,1,1,0.24980978697276277,0.6998097869727627,0.2856,0.32,0.3,0.0,0.31,,,
fraud_signal,fraud_00356,A,SYNTHETIC_FRAUD_LOW,AUTO_CLEAR,STANDARD_SUPPORT,0,0,0.24980978697276277,0.6998097869727627,0.2856,0.32,0.3,0.0,0.31,,,
fraud_signal,fraud_00356,B,SYNTHETIC_FRAUD_HIGH,MANUAL_REVIEW,STANDARD_SUPPORT,1,0,0.24980978697276277,0.6998097869727627,0.2856,0.32,0.3,0.0,0.31,,,
fraud_signal,fraud_00357,A,SYNTHETIC_FRAUD_LOW,MANUAL_REVIEW,STANDARD_SUPPORT,1,0,0.7583097869727629,0.98,0.6900000000000001,0.75,1.0,1.0,0.875,,,
fraud_signal,fraud_00357,B,SYNTHETIC_FRAUD_HIGH,MANUAL_REVIEW,STANDARD_SUPPORT,1,0,0.7583097869727629,0.98,0.6900000000000001,0.75,1.0,1.0,0.875,,,
fraud_signal,fraud_00358,A,SYNTHETIC_FRAUD_LOW,MANUAL_REVIEW,STANDARD_SUPPORT,1,0,0.5708116619727628,0.98,0.6800005000000001,1.0,0.3333375,1.0,0.66666875,,,
fraud_signal,fraud_00358,B,SYNTHETIC_FRAUD_HIGH,MANUAL_REVIEW,STANDARD_SUPPORT,1,0,0.5708116619727628,0.98,0.6800005000000001,1.0,0.3333375,1.0,0.66666875,,,
fraud_signal,fraud_00359,A,SYNTHETIC_FRAUD_LOW,AUTO_CLEAR,PRIORITY_SUPPORT,0,1,0.29973728697276275,0.7497372869727628,0.31571400000000005,0.425,0.30595,0.0,0.365475,,,
fraud_signal,fraud_00359,B,SYNTHETIC_FRAUD_HIGH,MANUAL_REVIEW,PRIORITY_SUPPORT,1,1,0.29973728697276275,0.7497372869727628,0.31571400000000005,0.425,0.30595,0.0,0.365475,,,
fraud_signal,fraud_00360,A,SYNTHETIC_FRAUD_LOW,AUTO_CLEAR,STANDARD_SUPPORT,0,0,0.24980978697276277,0.6998097869727627,0.2856,0.32,0.3,0.0,0.31,,,
fraud_signal,fraud_00360,B,SYNTHETIC_FRAUD_HIGH,MANUAL_REVIEW,STANDARD_SUPPORT,1,0,0.24980978697276277,0.6998097869727627,0.2856,0.32,0.3,0.0,0.31,,,
fraud_signal,fraud_00361,A,SYNTHETIC_FRAUD_LOW,MANUAL_REVIEW,PRIORITY_SUPPORT,1,1,0.5895597869727628,0.98,0.42100000000000004,0.6,0.775,0.0,0.6875,,,
fraud_signal,fraud_00361,B,SYNTHETIC_FRAUD_HIGH,MANUAL_REVIEW,PRIORITY_SUPPORT,1,1,0.5895597869727628,0.98,0.42100000000000004,0.6,0.775,0.0,0.6875,,,
fraud_signal,fraud_00362,A,SYNTHETIC_FRAUD_LOW,AUTO_CLEAR,STANDARD_SUPPORT,0,0,0.44576228697276277,0.8957622869727628,0.36665400000000004,0.5,0.5554500000000001,0.0,0.527725,,,
fraud_signal,fraud_00362,B,SYNTHETIC_FRAUD_HIGH,MANUAL_REVIEW,STANDARD_SUPPORT,1,0,0.44576228697276277,0.8957622869727628,0.36665400000000004,0.5,0.5554500000000001,0.0,0.527725,,,
fraud_signal,fraud_00363,A,SYNTHETIC_FRAUD_LOW,MANUAL_REVIEW,STANDARD_SUPPORT,1,0,0.24980978697276277,0.6998097869727627,0.2856,0.32,0.3,0.0,0.31,,,
fraud_signal,fraud_00363,B,SYNTHETIC_FRAUD_HIGH,MANUAL_REVIEW,STANDARD_SUPPORT,1,0,0.24980978697276277,0.6998097869727627,0.2856,0.32,0.3,0.0,0.31,,,
fraud_signal,fraud_00364,A,SYNTHETIC_FRAUD_LOW,AUTO_CLEAR,STANDARD_SUPPORT,0,0,0.24980978697276277,0.6998097869727627,0.2856,0.32,0.3,0.0,0.31,,,
fraud_signal,fraud_00364,B,SYNTHETIC_FRAUD_HIGH,MANUAL_REVIEW,STANDARD_SUPPORT,1,0,0.24980978697276277,0.6998097869727627,0.2856,0.32,0.3,0.0,0.31,,,
fraud_signal,fraud_00365,A,SYNTHETIC_FRAUD_LOW,AUTO_CLEAR,STANDARD_SUPPORT,0,0,0.3758097869727628,0.8258097869727627,0.332,0.4,0.5,0.0,0.45,,,
fraud_signal,fraud_00365,B,SYNTHETIC_FRAUD_HIGH,AUTO_CLEAR,STANDARD_SUPPORT,0,0,0.3758097869727628,0.8258097869727627,0.332,0.4,0.5,0.0,0.45,,,
fraud_signal,fraud_00366,A,SYNTHETIC_FRAUD_LOW,AUTO_CLEAR,STANDARD_SUPPORT,0,0,0.26966603697276276,0.7196660369727628,0.335695,0.6,0.06412500000000003,0.0,0.3320625,,,
fraud_signal,fraud_00366,B,SYNTHETIC_FRAUD_HIGH,MANUAL_REVIEW,STANDARD_SUPPORT,1,0,0.26966603697276276,0.7196660369727628,0.335695,0.6,0.06412500000000003,0.0,0.3320625,,,
fraud_signal,fraud_00367,A,SYNTHETIC_FRAUD_LOW,AUTO_CLEAR,STANDARD_SUPPORT,0,0,0.46018478697276277,0.9101847869727627,0.37450000000000006,0.525,0.5625,0.0,0.54375,,,
fraud_signal,fraud_00367,B,SYNTHETIC_FRAUD_HIGH,MANUAL_REVIEW,STANDARD_SUPPORT,1,0,0.46018478697276277,0.9101847869727627,0.37450000000000006,0.525,0.5625,0.0,0.54375,,,
fraud_signal,fraud_00368,A,SYNTHETIC_FRAUD_LOW,MANUAL_REVIEW,PRIORITY_SUPPORT,1,1,0.5615754119727628,0.98,0.40553750000000005,0.55,0.7628125000000001,0.0,0.6564062500000001,,,
fraud_signal,fraud_00368,B,SYNTHETIC_FRAUD_HIGH,MANUAL_REVIEW,PRIORITY_SUPPORT,1,1,0.5615754119727628,0.98,0.40553750000000005,0.55,0.7628125000000001,0.0,0.6564062500000001,,,
fraud_signal,fraud_00369,A,SYNTHETIC_FRAUD_LOW,AUTO_CLEAR,STANDARD_SUPPORT,0,0,0.24980978697276277,0.6998097869727627,0.2856,0.32,0.3,0.0,0.31,,,
fraud_signal,fraud_00369,B,SYNTHETIC_FRAUD_HIGH,AUTO_CLEAR,STANDARD_SUPPORT,0,0,0.24980978697276277,0.6998097869727627,0.2856,0.32,0.3,0.0,0.31,,,
fraud_signal,fraud_00370,A,SYNTHETIC_FRAUD_LOW,MANUAL_REVIEW,STANDARD_SUPPORT,1,0,0.46018478697276277,0.9101847869727627,0.35450000000000004,0.4,0.6875,0.0,0.54375,,,
fraud_signal,fraud_00370,B,SYNTHETIC_FRAUD_HIGH,MANUAL_REVIEW,STANDARD_SUPPORT,1,0,0.46018478697276277,0.9101847869727627,0.35450000000000004,0.4,0.6875,0.0,0.54375,,,
fraud_signal,fraud_00371,A,SYNTHETIC_FRAUD_LOW,AUTO_CLEAR,STANDARD_SUPPORT,0,0,0.24980978697276277,0.6998097869727627,0.2856,0.32,0.3,0.0,0.31,,,
fraud_signal,fraud_00371,B,SYNTHETIC_FRAUD_HIGH,MANUAL_REVIEW,STANDARD_SUPPORT,1,0,0.24980978697276277,0.6998097869727627,0.2856,0.32,0.3,0.0,0.31,,,
fraud_signal,fraud_00372,A,SYNTHETIC_FRAUD_LOW,MANUAL_REVIEW,PRIORITY_SUPPORT,1,1,0.24980978697276277,0.6998097869727627,0.2856,0.32,0.3,0.0,0.31,,,
fraud_signal,fraud_00372,B,SYNTHETIC_FRAUD_HIGH,AUTO_CLEAR,PRIORITY_SUPPORT,0,1,0.24980978697276277,0.6998097869727627,0.2856,0.32,0.3,0.0,0.31,,,
fraud_signal,fraud_00373,A,SYNTHETIC_FRAUD_LOW,AUTO_CLEAR,PRIORITY_SUPPORT,0,1,0.24980978697276277,0.6998097869727627,0.2856,0.32,0.3,0.0,0.31,,,
fraud_signal,fraud_00373,B,SYNTHETIC_FRAUD_HIGH,AUTO_CLEAR,PRIORITY_SUPPORT,0,1,0.24980978697276277,0.6998097869727627,0.2856,0.32,0.3,0.0,0.31,,,
fraud_signal,fraud_00374,A,SYNTHETIC_FRAUD_LOW,AUTO_CLEAR,STANDARD_SUPPORT,0,0,0.4751079119727628,0.9251079119727629,0.36647950000000007,0.45,0.6706625,0.0,0.5603312500000001,,,
fraud_signal,fraud_00374,B,SYNTHETIC_FRAUD_HIGH,AUTO_CLEAR,STANDARD_SUPPORT,0,0,0.4751079119727628,0.9251079119727629,0.36647950000000007,0.45,0.6706625,0.0,0.5603312500000001,,,
fraud_signal,fraud_00375,A,SYNTHETIC_FRAUD_LOW,AUTO_CLEAR,STANDARD_SUPPORT,0,0,0.4952341619727628,0.9452341619727628,0.5638465,0.4,0.7653874999999999,1.0,0.58269375,,,
fraud_signal,fraud_00375,B,SYNTHETIC_FRAUD_HIGH,MANUAL_REVIEW,STANDARD_SUPPORT,1,0,0.4952341619727628,0.9452341619727628,0.5638465,0.4,0.7653874999999999,1.0,0.58269375,,,
fraud_signal,fraud_00376,A,SYNTHETIC_FRAUD_LOW,AUTO_CLEAR,STANDARD_SUPPORT,0,0,0.24980978697276277,0.6998097869727627,0.2856,0.32,0.3,0.0,0.31,,,
fraud_signal,fraud_00376,B,SYNTHETIC_FRAUD_HIGH,MANUAL_REVIEW,STANDARD_SUPPORT,1,0,0.24980978697276277,0.6998097869727627,0.2856,0.32,0.3,0.0,0.31,,,
fraud_signal,fraud_00377,A,SYNTHETIC_FRAUD_LOW,MANUAL_REVIEW,STANDARD_SUPPORT,1,0,0.28580978697276277,0.7358097869727628,0.276,0.2,0.5,0.0,0.35,,,
fraud_signal,fraud_00377,B,SYNTHETIC_FRAUD_HIGH,AUTO_CLEAR,STANDARD_SUPPORT,0,0,0.28580978697276277,0.7358097869727628,0.276,0.2,0.5,0.0,0.35,,,
fraud_signal,fraud_00378,A,SYNTHETIC_FRAUD_LOW,MANUAL_REVIEW,STANDARD_SUPPORT,1,0,0.46018478697276277,0.9101847869727627,0.35050000000000003,0.375,0.7125,0.0,0.54375,,,
fraud_signal,fraud_00378,B,SYNTHETIC_FRAUD_HIGH,MANUAL_REVIEW,STANDARD_SUPPORT,1,0,0.46018478697276277,0.9101847869727627,0.35050000000000003,0.375,0.7125,0.0,0.54375,,,
fraud_signal,fraud_00379,A,SYNTHETIC_FRAUD_LOW,AUTO_CLEAR,STANDARD_SUPPORT,0,0,0.4489347869727628,0.8989347869727629,0.3435,0.35,0.7125,0.0,0.53125,,,
fraud_signal,fraud_00379,B,SYNTHETIC_FRAUD_HIGH,MANUAL_REVIEW,STANDARD_SUPPORT,1,0,0.4489347869727628,0.8989347869727629,0.3435,0.35,0.7125,0.0,0.53125,,,
fraud_signal,fraud_00380,A,SYNTHETIC_FRAUD_LOW,MANUAL_REVIEW,STANDARD_SUPPORT,1,0,0.25768478697276276,0.7076847869727627,0.2685,0.2,0.4375,0.0,0.31875,,,
fraud_signal,fraud_00380,B,SYNTHETIC_FRAUD_HIGH,AUTO_CLEAR,STANDARD_SUPPORT,0,0,0.25768478697276276,0.7076847869727627,0.2685,0.2,0.4375,0.0,0.31875,,,
fraud_signal,fraud_00381,A,SYNTHETIC_FRAUD_LOW,MANUAL_REVIEW,STANDARD_SUPPORT,1,0,0.24980978697276277,0.6998097869727627,0.2856,0.32,0.3,0.0,0.31,,,
fraud_signal,fraud_00381,B,SYNTHETIC_FRAUD_HIGH,MANUAL_REVIEW,STANDARD_SUPPORT,1,0,0.24980978697276277,0.6998097869727627,0.2856,0.32,0.3,0.0,0.31,,,
fraud_signal,fraud_00382,A,SYNTHETIC_FRAUD_LOW,AUTO_CLEAR,STANDARD_SUPPORT,0,0,0.19580978697276277,0.6458097869727628,0.22,0.0,0.5,0.0,0.25,,,
fraud_signal,fraud_00382,B,SYNTHETIC_FRAUD_HIGH,MANUAL_REVIEW,STANDARD_SUPPORT,1,0,0.19580978697276277,0.6458097869727628,0.22,0.0,0.5,0.0,0.25,,,
fraud_signal,fraud_00383,A,SYNTHETIC_FRAUD_LOW,AUTO_CLEAR,PRIORITY_SUPPORT,0,1,0.24980978697276277,0.6998097869727627,0.2856,0.32,0.3,0.0,0.31,,,
fraud_signal,fraud_00383,B,SYNTHETIC_FRAUD_HIGH,MANUAL_REVIEW,PRIORITY_SUPPORT,1,1,0.24980978697276277,0.6998097869727627,0.2856,0.32,0.3,0.0,0.31,,,
fraud_signal,fraud_00384,A,SYNTHETIC_FRAUD_LOW,AUTO_CLEAR,PRIORITY_SUPPORT,0,1,0.24980978697276277,0.6998097869727627,0.2856,0.32,0.3,0.0,0.31,,,
fraud_signal,fraud_00384,B,SYNTHETIC_FRAUD_HIGH,MANUAL_REVIEW,PRIORITY_SUPPORT,1,1,0.24980978697276277,0.6998097869727627,0.2856,0.32,0.3,0.0,0.31,,,
fraud_signal,fraud_00385,A,SYNTHETIC_FRAUD_LOW,AUTO_CLEAR,PRIORITY_SUPPORT,0,1,0.24980978697276277,0.6998097869727627,0.2856,0.32,0.3,0.0,0.31,,,
fraud_signal,fraud_00385,B,SYNTHETIC_FRAUD_HIGH,MANUAL_REVIEW,PRIORITY_SUPPORT,1,1,0.24980978697276277,0.6998097869727627,0.2856,0.32,0.3,0.0,0.31,,,
fraud_signal,fraud_00386,A,SYNTHETIC_FRAUD_LOW,AUTO_CLEAR,STANDARD_SUPPORT,0,0,0.24980978697276277,0.6998097869727627,0.2856,0.32,0.3,0.0,0.31,,,
fraud_signal,fraud_00386,B,SYNTHETIC_FRAUD_HIGH,AUTO_CLEAR,STANDARD_SUPPORT,0,0,0.24980978697276277,0.6998097869727627,0.2856,0.32,0.3,0.0,0.31,,,
fraud_signal,fraud_00387,A,SYNTHETIC_FRAUD_LOW,AUTO_CLEAR,STANDARD_SUPPORT,0,0,0.16205978697276277,0.6120597869727628,0.279,0.425,0.0,0.0,0.2125,,,
fraud_signal,fraud_00387,B,SYNTHETIC_FRAUD_HIGH,AUTO_CLEAR,STANDARD_SUPPORT,0,0,0.16205978697276277,0.6120597869727628,0.279,0.425,0.0,0.0,0.2125,,,
fraud_signal,fraud_00388,A,SYNTHETIC_FRAUD_LOW,AUTO_CLEAR,STANDARD_SUPPORT,0,0,0.24980978697276277,0.6998097869727627,0.2856,0.32,0.3,0.0,0.31,,,
fraud_signal,fraud_00388,B,SYNTHETIC_FRAUD_HIGH,MANUAL_REVIEW,STANDARD_SUPPORT,1,0,0.24980978697276277,0.6998097869727627,0.2856,0.32,0.3,0.0,0.31,,,
fraud_signal,fraud_00389,A,SYNTHETIC_FRAUD_LOW,AUTO_CLEAR,STANDARD_SUPPORT,0,0,0.24980978697276277,0.6998097869727627,0.2856,0.32,0.3,0.0,0.31,,,
fraud_signal,fraud_00389,B,SYNTHETIC_FRAUD_HIGH,AUTO_CLEAR,STANDARD_SUPPORT,0,0,0.24980978697276277,0.6998097869727627,0.2856,0.32,0.3,0.0,0.31,,,
fraud_signal,fraud_00390,A,SYNTHETIC_FRAUD_LOW,AUTO_CLEAR,STANDARD_SUPPORT,0,0,0.13955978697276278,0.5895597869727628,0.20500000000000002,0.0,0.375,0.0,0.1875,,,
fraud_signal,fraud_00390,B,SYNTHETIC_FRAUD_HIGH,AUTO_CLEAR,STANDARD_SUPPORT,0,0,0.13955978697276278,0.5895597869727628,0.20500000000000002,0.0,0.375,0.0,0.1875,,,
fraud_signal,fraud_00391,A,SYNTHETIC_FRAUD_LOW,AUTO_CLEAR,PRIORITY_SUPPORT,0,1,0.24980978697276277,0.6998097869727627,0.2856,0.32,0.3,0.0,0.31,,,
fraud_signal,fraud_00391,B,SYNTHETIC_FRAUD_HIGH,AUTO_CLEAR,PRIORITY_SUPPORT,0,1,0.24980978697276277,0.6998097869727627,0.2856,0.32,0.3,0.0,0.31,,,
fraud_signal,fraud_00392,A,SYNTHETIC_FRAUD_LOW,MANUAL_REVIEW,STANDARD_SUPPORT,1,0,0.4286847869727628,0.8786847869727628,0.5621,0.5,0.5175000000000001,1.0,0.50875,,,
fraud_signal,fraud_00392,B,SYNTHETIC_FRAUD_HIGH,MANUAL_REVIEW,STANDARD_SUPPORT,1,0,0.4286847869727628,0.8786847869727628,0.5621,0.5,0.5175000000000001,1.0,0.50875,,,
fraud_signal,fraud_00393,A,SYNTHETIC_FRAUD_LOW,AUTO_CLEAR,STANDARD_SUPPORT,0,0,0.40955978697276274,0.8595597869727628,0.373,0.6,0.375,0.0,0.4875,,,
fraud_signal,fraud_00393,B,SYNTHETIC_FRAUD_HIGH,MANUAL_REVIEW,STANDARD_SUPPORT,1,0,0.40955978697276274,0.8595597869727628,0.373,0.6,0.375,0.0,0.4875,,,
fraud_signal,fraud_00394,A,SYNTHETIC_FRAUD_LOW,AUTO_CLEAR,STANDARD_SUPPORT,0,0,0.39830978697276276,0.8483097869727627,0.326,0.325,0.625,0.0,0.475,,,
fraud_signal,fraud_00394,B,SYNTHETIC_FRAUD_HIGH,MANUAL_REVIEW,STANDARD_SUPPORT,1,0,0.39830978697276276,0.8483097869727627,0.326,0.325,0.625,0.0,0.475,,,
fraud_signal,fraud_00395,A,SYNTHETIC_FRAUD_LOW,AUTO_CLEAR,STANDARD_SUPPORT,0,0,0.37018478697276275,0.8201847869727628,0.2985,0.2,0.6875,0.0,0.44375,,,
fraud_signal,fraud_00395,B,SYNTHETIC_FRAUD_HIGH,MANUAL_REVIEW,STANDARD_SUPPORT,1,0,0.37018478697276275,0.8201847869727628,0.2985,0.2,0.6875,0.0,0.44375,,,
fraud_signal,fraud_00396,A,SYNTHETIC_FRAUD_LOW,AUTO_CLEAR,STANDARD_SUPPORT,0,0,0.5333097869727628,0.98,0.6300000000000001,0.75,0.5,1.0,0.625,,,
fraud_signal,fraud_00396,B,SYNTHETIC_FRAUD_HIGH,MANUAL_REVIEW,STANDARD_SUPPORT,1,0,0.5333097869727628,0.98,0.6300000000000001,0.75,0.5,1.0,0.625,,,
fraud_signal,fraud_00397,A,SYNTHETIC_FRAUD_LOW,AUTO_CLEAR,PRIORITY_SUPPORT,0,1,0.5164347869727628,0.9664347869727627,0.38950000000000007,0.525,0.6875,0.0,0.60625,,,
fraud_signal,fraud_00397,B,SYNTHETIC_FRAUD_HIGH,MANUAL_REVIEW,PRIORITY_SUPPORT,1,1,0.5164347869727628,0.9664347869727627,0.38950000000000007,0.525,0.6875,0.0,0.60625,,,
fraud_signal,fraud_00398,A,SYNTHETIC_FRAUD_LOW,AUTO_CLEAR,STANDARD_SUPPORT,0,0,0.5469054119727629,0.98,0.3976255000000001,0.525,0.7552125000000001,0.0,0.6401062500000001,,,
fraud_signal,fraud_00398,B,SYNTHETIC_FRAUD_HIGH,MANUAL_REVIEW,STANDARD_SUPPORT,1,0,0.5469054119727629,0.98,0.3976255000000001,0.525,0.7552125000000001,0.0,0.6401062500000001,,,
fraud_signal,fraud_00399,A,SYNTHETIC_FRAUD_LOW,AUTO_CLEAR,STANDARD_SUPPORT,0,0,0.24980978697276277,0.6998097869727627,0.2856,0.32,0.3,0.0,0.31,,,
fraud_signal,fraud_00399,B,SYNTHETIC_FRAUD_HIGH,MANUAL_REVIEW,STANDARD_SUPPORT,1,0,0.24980978697276277,0.6998097869727627,0.2856,0.32,0.3,0.0,0.31,,,
fraud_signal,fraud_00400,A,SYNTHETIC_FRAUD_LOW,AUTO_CLEAR,STANDARD_SUPPORT,0,0,0.24980978697276277,0.6998097869727627,0.2856,0.32,0.3,0.0,0.31,,,
fraud_signal,fraud_00400,B,SYNTHETIC_FRAUD_HIGH,AUTO_CLEAR,STANDARD_SUPPORT,0,0,0.24980978697276277,0.6998097869727627,0.2856,0.32,0.3,0.0,0.31,,,
hardship_signal,hardship_00001,A,SYNTHETIC_HARDSHIP_LOW,HARDSHIP_REVIEW,STANDARD_TARGET,1,0,0.2017596566523605,0.6517596566523605,0.13,,,,0.0,0.0,0.0,0.0
hardship_signal,hardship_00001,B,SYNTHETIC_HARDSHIP_HIGH,HARDSHIP_REVIEW,STANDARD_TARGET,1,0,0.2017596566523605,0.6517596566523605,0.13,,,,0.0,0.0,0.0,0.0
hardship_signal,hardship_00002,A,SYNTHETIC_HARDSHIP_LOW,STANDARD_ROUTING,STANDARD_TARGET,0,0,0.2017596566523605,0.6517596566523605,0.13,,,,0.0,0.0,0.0,0.0
hardship_signal,hardship_00002,B,SYNTHETIC_HARDSHIP_HIGH,STANDARD_ROUTING,STANDARD_TARGET,0,0,0.2017596566523605,0.6517596566523605,0.13,,,,0.0,0.0,0.0,0.0
hardship_signal,hardship_00003,A,SYNTHETIC_HARDSHIP_LOW,STANDARD_ROUTING,STANDARD_TARGET,0,0,0.2017596566523605,0.6517596566523605,0.13,,,,0.0,0.0,0.0,0.0
hardship_signal,hardship_00003,B,SYNTHETIC_HARDSHIP_HIGH,STANDARD_ROUTING,STANDARD_TARGET,0,0,0.2017596566523605,0.6517596566523605,0.13,,,,0.0,0.0,0.0,0.0
hardship_signal,hardship_00004,A,SYNTHETIC_HARDSHIP_LOW,STANDARD_ROUTING,PROMOTION_TARGET,0,1,0.2017596566523605,0.6517596566523605,0.13,,,,0.0,0.0,0.0,0.0
hardship_signal,hardship_00004,B,SYNTHETIC_HARDSHIP_HIGH,STANDARD_ROUTING,PROMOTION_TARGET,0,1,0.2017596566523605,0.6517596566523605,0.13,,,,0.0,0.0,0.0,0.0
hardship_signal,hardship_00005,A,SYNTHETIC_HARDSHIP_LOW,HARDSHIP_REVIEW,STANDARD_TARGET,1,0,0.8017596566523605,0.98,0.53,,,,1.0,1.0,1.0,0.0
hardship_signal,hardship_00005,B,SYNTHETIC_HARDSHIP_HIGH,HARDSHIP_REVIEW,STANDARD_TARGET,1,0,0.8017596566523605,0.98,0.53,,,,1.0,1.0,1.0,0.0
hardship_signal,hardship_00006,A,SYNTHETIC_HARDSHIP_LOW,HARDSHIP_REVIEW,PROMOTION_TARGET,1,1,0.5617596566523605,0.98,0.37,,,,0.6,1.0,0.0,0.0
hardship_signal,hardship_00006,B,SYNTHETIC_HARDSHIP_HIGH,HARDSHIP_REVIEW,PROMOTION_TARGET,1,1,0.5617596566523605,0.98,0.37,,,,0.6,1.0,0.0,0.0
hardship_signal,hardship_00007,A,SYNTHETIC_HARDSHIP_LOW,STANDARD_ROUTING,STANDARD_TARGET,0,0,0.2017596566523605,0.6517596566523605,0.13,,,,0.0,0.0,0.0,0.0
hardship_signal,hardship_00007,B,SYNTHETIC_HARDSHIP_HIGH,HARDSHIP_REVIEW,STANDARD_TARGET,1,0,0.2017596566523605,0.6517596566523605,0.13,,,,0.0,0.0,0.0,0.0
hardship_signal,hardship_00008,A,SYNTHETIC_HARDSHIP_LOW,STANDARD_ROUTING,STANDARD_TARGET,0,0,0.2017596566523605,0.6517596566523605,0.13,,,,0.0,0.0,0.0,0.0
hardship_signal,hardship_00008,B,SYNTHETIC_HARDSHIP_HIGH,STANDARD_ROUTING,STANDARD_TARGET,0,0,0.2017596566523605,0.6517596566523605,0.13,,,,0.0,0.0,0.0,0.0
hardship_signal,hardship_00009,A,SYNTHETIC_HARDSHIP_LOW,STANDARD_ROUTING,STANDARD_TARGET,0,0,0.2017596566523605,0.6517596566523605,0.13,,,,0.0,0.0,0.0,0.0
hardship_signal,hardship_00009,B,SYNTHETIC_HARDSHIP_HIGH,STANDARD_ROUTING,STANDARD_TARGET,0,0,0.2017596566523605,0.6517596566523605,0.13,,,,0.0,0.0,0.0,0.0
hardship_signal,hardship_00010,A,SYNTHETIC_HARDSHIP_LOW,HARDSHIP_REVIEW,STANDARD_TARGET,1,0,0.2017596566523605,0.6517596566523605,0.13,,,,0.0,0.0,0.0,0.0
hardship_signal,hardship_00010,B,SYNTHETIC_HARDSHIP_HIGH,HARDSHIP_REVIEW,STANDARD_TARGET,1,0,0.2017596566523605,0.6517596566523605,0.13,,,,0.0,0.0,0.0,0.0
hardship_signal,hardship_00011,A,SYNTHETIC_HARDSHIP_LOW,STANDARD_ROUTING,STANDARD_TARGET,0,0,0.2017596566523605,0.6517596566523605,0.13,,,,0.0,0.0,0.0,0.0
hardship_signal,hardship_00011,B,SYNTHETIC_HARDSHIP_HIGH,HARDSHIP_REVIEW,STANDARD_TARGET,1,0,0.2017596566523605,0.6517596566523605,0.13,,,,0.0,0.0,0.0,0.0
hardship_signal,hardship_00012,A,SYNTHETIC_HARDSHIP_LOW,HARDSHIP_REVIEW,STANDARD_TARGET,1,0,0.2017596566523605,0.6517596566523605,0.13,,,,0.0,0.0,0.0,0.0
hardship_signal,hardship_00012,B,SYNTHETIC_HARDSHIP_HIGH,HARDSHIP_REVIEW,STANDARD_TARGET,1,0,0.2017596566523605,0.6517596566523605,0.13,,,,0.0,0.0,0.0,0.0
hardship_signal,hardship_00013,A,SYNTHETIC_HARDSHIP_LOW,STANDARD_ROUTING,STANDARD_TARGET,0,0,0.2017596566523605,0.6517596566523605,0.13,,,,0.0,0.0,0.0,0.0
hardship_signal,hardship_00013,B,SYNTHETIC_HARDSHIP_HIGH,HARDSHIP_REVIEW,STANDARD_TARGET,1,0,0.2017596566523605,0.6517596566523605,0.13,,,,0.0,0.0,0.0,0.0
hardship_signal,hardship_00014,A,SYNTHETIC_HARDSHIP_LOW,STANDARD_ROUTING,PROMOTION_TARGET,0,1,0.2017596566523605,0.6517596566523605,0.13,,,,0.0,0.0,0.0,0.0
hardship_signal,hardship_00014,B,SYNTHETIC_HARDSHIP_HIGH,STANDARD_ROUTING,PROMOTION_TARGET,0,1,0.2017596566523605,0.6517596566523605,0.13,,,,0.0,0.0,0.0,0.0
hardship_signal,hardship_00015,A,SYNTHETIC_HARDSHIP_LOW,STANDARD_ROUTING,PROMOTION_TARGET,0,1,0.2017596566523605,0.6517596566523605,0.13,,,,0.0,0.0,0.0,0.0
hardship_signal,hardship_00015,B,SYNTHETIC_HARDSHIP_HIGH,STANDARD_ROUTING,PROMOTION_TARGET,0,1,0.2017596566523605,0.6517596566523605,0.13,,,,0.0,0.0,0.0,0.0
hardship_signal,hardship_00016,A,SYNTHETIC_HARDSHIP_LOW,STANDARD_ROUTING,STANDARD_TARGET,0,0,0.2017596566523605,0.6517596566523605,0.13,,,,0.0,0.0,0.0,0.0
hardship_signal,hardship_00016,B,SYNTHETIC_HARDSHIP_HIGH,HARDSHIP_REVIEW,STANDARD_TARGET,1,0,0.2017596566523605,0.6517596566523605,0.13,,,,0.0,0.0,0.0,0.0
hardship_signal,hardship_00017,A,SYNTHETIC_HARDSHIP_LOW,HARDSHIP_REVIEW,STANDARD_TARGET,1,0,0.2017596566523605,0.6517596566523605,0.13,,,,0.0,0.0,0.0,0.0
hardship_signal,hardship_00017,B,SYNTHETIC_HARDSHIP_HIGH,HARDSHIP_REVIEW,STANDARD_TARGET,1,0,0.2017596566523605,0.6517596566523605,0.13,,,,0.0,0.0,0.0,0.0
hardship_signal,hardship_00018,A,SYNTHETIC_HARDSHIP_LOW,STANDARD_ROUTING,STANDARD_TARGET,0,0,0.2017596566523605,0.6517596566523605,0.13,,,,0.0,0.0,0.0,0.0
hardship_signal,hardship_00018,B,SYNTHETIC_HARDSHIP_HIGH,HARDSHIP_REVIEW,STANDARD_TARGET,1,0,0.2017596566523605,0.6517596566523605,0.13,,,,0.0,0.0,0.0,0.0
hardship_signal,hardship_00019,A,SYNTHETIC_HARDSHIP_LOW,HARDSHIP_REVIEW,STANDARD_TARGET,1,0,0.2017596566523605,0.6517596566523605,0.13,,,,0.0,0.0,0.0,0.0
hardship_signal,hardship_00019,B,SYNTHETIC_HARDSHIP_HIGH,HARDSHIP_REVIEW,STANDARD_TARGET,1,0,0.2017596566523605,0.6517596566523605,0.13,,,,0.0,0.0,0.0,0.0
hardship_signal,hardship_00020,A,SYNTHETIC_HARDSHIP_LOW,STANDARD_ROUTING,STANDARD_TARGET,0,0,0.2017596566523605,0.6517596566523605,0.13,,,,0.0,0.0,0.0,0.0
hardship_signal,hardship_00020,B,SYNTHETIC_HARDSHIP_HIGH,STANDARD_ROUTING,STANDARD_TARGET,0,0,0.2017596566523605,0.6517596566523605,0.13,,,,0.0,0.0,0.0,0.0
hardship_signal,hardship_00021,A,SYNTHETIC_HARDSHIP_LOW,STANDARD_ROUTING,STANDARD_TARGET,0,0,0.2017596566523605,0.6517596566523605,0.13,,,,0.0,0.0,0.0,0.0
hardship_signal,hardship_00021,B,SYNTHETIC_HARDSHIP_HIGH,HARDSHIP_REVIEW,STANDARD_TARGET,1,0,0.2017596566523605,0.6517596566523605,0.13,,,,0.0,0.0,0.0,0.0
hardship_signal,hardship_00022,A,SYNTHETIC_HARDSHIP_LOW,STANDARD_ROUTING,STANDARD_TARGET,0,0,0.5617596566523605,0.98,0.37,,,,0.6,1.0,0.0,0.0
hardship_signal,hardship_00022,B,SYNTHETIC_HARDSHIP_HIGH,HARDSHIP_REVIEW,STANDARD_TARGET,1,0,0.5617596566523605,0.98,0.37,,,,0.6,1.0,0.0,0.0
hardship_signal,hardship_00023,A,SYNTHETIC_HARDSHIP_LOW,STANDARD_ROUTING,STANDARD_TARGET,0,0,0.2017596566523605,0.6517596566523605,0.13,,,,0.0,0.0,0.0,0.0
hardship_signal,hardship_00023,B,SYNTHETIC_HARDSHIP_HIGH,HARDSHIP_REVIEW,STANDARD_TARGET,1,0,0.2017596566523605,0.6517596566523605,0.13,,,,0.0,0.0,0.0,0.0
hardship_signal,hardship_00024,A,SYNTHETIC_HARDSHIP_LOW,STANDARD_ROUTING,STANDARD_TARGET,0,0,0.2017596566523605,0.6517596566523605,0.13,,,,0.0,0.0,0.0,0.0
hardship_signal,hardship_00024,B,SYNTHETIC_HARDSHIP_HIGH,STANDARD_ROUTING,STANDARD_TARGET,0,0,0.2017596566523605,0.6517596566523605,0.13,,,,0.0,0.0,0.0,0.0
hardship_signal,hardship_00025,A,SYNTHETIC_HARDSHIP_LOW,HARDSHIP_REVIEW,STANDARD_TARGET,1,0,0.2017596566523605,0.6517596566523605,0.13,,,,0.0,0.0,0.0,0.0
hardship_signal,hardship_00025,B,SYNTHETIC_HARDSHIP_HIGH,HARDSHIP_REVIEW,STANDARD_TARGET,1,0,0.2017596566523605,0.6517596566523605,0.13,,,,0.0,0.0,0.0,0.0
hardship_signal,hardship_00026,A,SYNTHETIC_HARDSHIP_LOW,STANDARD_ROUTING,STANDARD_TARGET,0,0,0.5617596566523605,0.98,0.37,,,,0.6,1.0,0.0,0.0
hardship_signal,hardship_00026,B,SYNTHETIC_HARDSHIP_HIGH,HARDSHIP_REVIEW,STANDARD_TARGET,1,0,0.5617596566523605,0.98,0.37,,,,0.6,1.0,0.0,0.0
hardship_signal,hardship_00027,A,SYNTHETIC_HARDSHIP_LOW,STANDARD_ROUTING,STANDARD_TARGET,0,0,0.2017596566523605,0.6517596566523605,0.13,,,,0.0,0.0,0.0,0.0
hardship_signal,hardship_00027,B,SYNTHETIC_HARDSHIP_HIGH,HARDSHIP_REVIEW,STANDARD_TARGET,1,0,0.2017596566523605,0.6517596566523605,0.13,,,,0.0,0.0,0.0,0.0
hardship_signal,hardship_00028,A,SYNTHETIC_HARDSHIP_LOW,STANDARD_ROUTING,STANDARD_TARGET,0,0,0.2017596566523605,0.6517596566523605,0.13,,,,0.0,0.0,0.0,0.0
hardship_signal,hardship_00028,B,SYNTHETIC_HARDSHIP_HIGH,HARDSHIP_REVIEW,STANDARD_TARGET,1,0,0.2017596566523605,0.6517596566523605,0.13,,,,0.0,0.0,0.0,0.0
hardship_signal,hardship_00029,A,SYNTHETIC_HARDSHIP_LOW,STANDARD_ROUTING,STANDARD_TARGET,0,0,0.2017596566523605,0.6517596566523605,0.13,,,,0.0,0.0,0.0,0.0
hardship_signal,hardship_00029,B,SYNTHETIC_HARDSHIP_HIGH,HARDSHIP_REVIEW,STANDARD_TARGET,1,0,0.2017596566523605,0.6517596566523605,0.13,,,,0.0,0.0,0.0,0.0
hardship_signal,hardship_00030,A,SYNTHETIC_HARDSHIP_LOW,HARDSHIP_REVIEW,STANDARD_TARGET,1,0,0.2017596566523605,0.6517596566523605,0.13,,,,0.0,0.0,0.0,0.0
hardship_signal,hardship_00030,B,SYNTHETIC_HARDSHIP_HIGH,STANDARD_ROUTING,STANDARD_TARGET,0,0,0.2017596566523605,0.6517596566523605,0.13,,,,0.0,0.0,0.0,0.0
hardship_signal,hardship_00031,A,SYNTHETIC_HARDSHIP_LOW,STANDARD_ROUTING,STANDARD_TARGET,0,0,0.2017596566523605,0.6517596566523605,0.13,,,,0.0,0.0,0.0,0.0
hardship_signal,hardship_00031,B,SYNTHETIC_HARDSHIP_HIGH,HARDSHIP_REVIEW,STANDARD_TARGET,1,0,0.2017596566523605,0.6517596566523605,0.13,,,,0.0,0.0,0.0,0.0
hardship_signal,hardship_00032,A,SYNTHETIC_HARDSHIP_LOW,STANDARD_ROUTING,STANDARD_TARGET,0,0,0.2017596566523605,0.6517596566523605,0.13,,,,0.0,0.0,0.0,0.0
hardship_signal,hardship_00032,B,SYNTHETIC_HARDSHIP_HIGH,HARDSHIP_REVIEW,STANDARD_TARGET,1,0,0.2017596566523605,0.6517596566523605,0.13,,,,0.0,0.0,0.0,0.0
hardship_signal,hardship_00033,A,SYNTHETIC_HARDSHIP_LOW,HARDSHIP_REVIEW,STANDARD_TARGET,1,0,0.2017596566523605,0.6517596566523605,0.13,,,,0.0,0.0,0.0,0.0
hardship_signal,hardship_00033,B,SYNTHETIC_HARDSHIP_HIGH,HARDSHIP_REVIEW,STANDARD_TARGET,1,0,0.2017596566523605,0.6517596566523605,0.13,,,,0.0,0.0,0.0,0.0
hardship_signal,hardship_00034,A,SYNTHETIC_HARDSHIP_LOW,STANDARD_ROUTING,STANDARD_TARGET,0,0,0.2017596566523605,0.6517596566523605,0.13,,,,0.0,0.0,0.0,0.0
hardship_signal,hardship_00034,B,SYNTHETIC_HARDSHIP_HIGH,HARDSHIP_REVIEW,STANDARD_TARGET,1,0,0.2017596566523605,0.6517596566523605,0.13,,,,0.0,0.0,0.0,0.0
hardship_signal,hardship_00035,A,SYNTHETIC_HARDSHIP_LOW,STANDARD_ROUTING,STANDARD_TARGET,0,0,0.2017596566523605,0.6517596566523605,0.13,,,,0.0,0.0,0.0,0.0
hardship_signal,hardship_00035,B,SYNTHETIC_HARDSHIP_HIGH,HARDSHIP_REVIEW,STANDARD_TARGET,1,0,0.2017596566523605,0.6517596566523605,0.13,,,,0.0,0.0,0.0,0.0
hardship_signal,hardship_00036,A,SYNTHETIC_HARDSHIP_LOW,STANDARD_ROUTING,PROMOTION_TARGET,0,1,0.2017596566523605,0.6517596566523605,0.13,,,,0.0,0.0,0.0,0.0
hardship_signal,hardship_00036,B,SYNTHETIC_HARDSHIP_HIGH,HARDSHIP_REVIEW,PROMOTION_TARGET,1,1,0.2017596566523605,0.6517596566523605,0.13,,,,0.0,0.0,0.0,0.0
hardship_signal,hardship_00037,A,SYNTHETIC_HARDSHIP_LOW,STANDARD_ROUTING,STANDARD_TARGET,0,0,0.2017596566523605,0.6517596566523605,0.13,,,,0.0,0.0,0.0,0.0
hardship_signal,hardship_00037,B,SYNTHETIC_HARDSHIP_HIGH,HARDSHIP_REVIEW,STANDARD_TARGET,1,0,0.2017596566523605,0.6517596566523605,0.13,,,,0.0,0.0,0.0,0.0
hardship_signal,hardship_00038,A,SYNTHETIC_HARDSHIP_LOW,STANDARD_ROUTING,STANDARD_TARGET,0,0,0.2017596566523605,0.6517596566523605,0.13,,,,0.0,0.0,0.0,0.0
hardship_signal,hardship_00038,B,SYNTHETIC_HARDSHIP_HIGH,HARDSHIP_REVIEW,STANDARD_TARGET,1,0,0.2017596566523605,0.6517596566523605,0.13,,,,0.0,0.0,0.0,0.0
hardship_signal,hardship_00039,A,SYNTHETIC_HARDSHIP_LOW,STANDARD_ROUTING,PROMOTION_TARGET,0,1,0.2017596566523605,0.6517596566523605,0.13,,,,0.0,0.0,0.0,0.0
hardship_signal,hardship_00039,B,SYNTHETIC_HARDSHIP_HIGH,HARDSHIP_REVIEW,PROMOTION_TARGET,1,1,0.2017596566523605,0.6517596566523605,0.13,,,,0.0,0.0,0.0,0.0
hardship_signal,hardship_00040,A,SYNTHETIC_HARDSHIP_LOW,STANDARD_ROUTING,STANDARD_TARGET,0,0,0.2017596566523605,0.6517596566523605,0.13,,,,0.0,0.0,0.0,0.0
hardship_signal,hardship_00040,B,SYNTHETIC_HARDSHIP_HIGH,STANDARD_ROUTING,STANDARD_TARGET,0,0,0.2017596566523605,0.6517596566523605,0.13,,,,0.0,0.0,0.0,0.0
hardship_signal,hardship_00041,A,SYNTHETIC_HARDSHIP_LOW,STANDARD_ROUTING,STANDARD_TARGET,0,0,0.2017596566523605,0.6517596566523605,0.13,,,,0.0,0.0,0.0,0.0
hardship_signal,hardship_00041,B,SYNTHETIC_HARDSHIP_HIGH,STANDARD_ROUTING,STANDARD_TARGET,0,0,0.2017596566523605,0.6517596566523605,0.13,,,,0.0,0.0,0.0,0.0
hardship_signal,hardship_00042,A,SYNTHETIC_HARDSHIP_LOW,STANDARD_ROUTING,STANDARD_TARGET,0,0,0.2017596566523605,0.6517596566523605,0.13,,,,0.0,0.0,0.0,0.0
hardship_signal,hardship_00042,B,SYNTHETIC_HARDSHIP_HIGH,HARDSHIP_REVIEW,STANDARD_TARGET,1,0,0.2017596566523605,0.6517596566523605,0.13,,,,0.0,0.0,0.0,0.0
hardship_signal,hardship_00043,A,SYNTHETIC_HARDSHIP_LOW,STANDARD_ROUTING,STANDARD_TARGET,0,0,0.2017596566523605,0.6517596566523605,0.13,,,,0.0,0.0,0.0,0.0
hardship_signal,hardship_00043,B,SYNTHETIC_HARDSHIP_HIGH,HARDSHIP_REVIEW,STANDARD_TARGET,1,0,0.2017596566523605,0.6517596566523605,0.13,,,,0.0,0.0,0.0,0.0
hardship_signal,hardship_00044,A,SYNTHETIC_HARDSHIP_LOW,STANDARD_ROUTING,STANDARD_TARGET,0,0,0.2017596566523605,0.6517596566523605,0.13,,,,0.0,0.0,0.0,0.0
hardship_signal,hardship_00044,B,SYNTHETIC_HARDSHIP_HIGH,STANDARD_ROUTING,STANDARD_TARGET,0,0,0.2017596566523605,0.6517596566523605,0.13,,,,0.0,0.0,0.0,0.0
hardship_signal,hardship_00045,A,SYNTHETIC_HARDSHIP_LOW,HARDSHIP_REVIEW,STANDARD_TARGET,1,0,0.8017596566523605,0.98,0.53,,,,1.0,1.0,1.0,0.0
hardship_signal,hardship_00045,B,SYNTHETIC_HARDSHIP_HIGH,HARDSHIP_REVIEW,STANDARD_TARGET,1,0,0.8017596566523605,0.98,0.53,,,,1.0,1.0,1.0,0.0
hardship_signal,hardship_00046,A,SYNTHETIC_HARDSHIP_LOW,STANDARD_ROUTING,STANDARD_TARGET,0,0,0.2017596566523605,0.6517596566523605,0.13,,,,0.0,0.0,0.0,0.0
hardship_signal,hardship_00046,B,SYNTHETIC_HARDSHIP_HIGH,HARDSHIP_REVIEW,STANDARD_TARGET,1,0,0.2017596566523605,0.6517596566523605,0.13,,,,0.0,0.0,0.0,0.0
hardship_signal,hardship_00047,A,SYNTHETIC_HARDSHIP_LOW,STANDARD_ROUTING,STANDARD_TARGET,0,0,0.2017596566523605,0.6517596566523605,0.13,,,,0.0,0.0,0.0,0.0
hardship_signal,hardship_00047,B,SYNTHETIC_HARDSHIP_HIGH,HARDSHIP_REVIEW,STANDARD_TARGET,1,0,0.2017596566523605,0.6517596566523605,0.13,,,,0.0,0.0,0.0,0.0
hardship_signal,hardship_00048,A,SYNTHETIC_HARDSHIP_LOW,HARDSHIP_REVIEW,STANDARD_TARGET,1,0,0.2017596566523605,0.6517596566523605,0.13,,,,0.0,0.0,0.0,0.0
hardship_signal,hardship_00048,B,SYNTHETIC_HARDSHIP_HIGH,HARDSHIP_REVIEW,STANDARD_TARGET,1,0,0.2017596566523605,0.6517596566523605,0.13,,,,0.0,0.0,0.0,0.0
hardship_signal,hardship_00049,A,SYNTHETIC_HARDSHIP_LOW,HARDSHIP_REVIEW,STANDARD_TARGET,1,0,0.2017596566523605,0.6517596566523605,0.13,,,,0.0,0.0,0.0,0.0
hardship_signal,hardship_00049,B,SYNTHETIC_HARDSHIP_HIGH,HARDSHIP_REVIEW,STANDARD_TARGET,1,0,0.2017596566523605,0.6517596566523605,0.13,,,,0.0,0.0,0.0,0.0
hardship_signal,hardship_00050,A,SYNTHETIC_HARDSHIP_LOW,STANDARD_ROUTING,STANDARD_TARGET,0,0,0.2017596566523605,0.6517596566523605,0.13,,,,0.0,0.0,0.0,0.0
hardship_signal,hardship_00050,B,SYNTHETIC_HARDSHIP_HIGH,HARDSHIP_REVIEW,STANDARD_TARGET,1,0,0.2017596566523605,0.6517596566523605,0.13,,,,0.0,0.0,0.0,0.0
hardship_signal,hardship_00051,A,SYNTHETIC_HARDSHIP_LOW,STANDARD_ROUTING,STANDARD_TARGET,0,0,0.2017596566523605,0.6517596566523605,0.13,,,,0.0,0.0,0.0,0.0
hardship_signal,hardship_00051,B,SYNTHETIC_HARDSHIP_HIGH,HARDSHIP_REVIEW,STANDARD_TARGET,1,0,0.2017596566523605,0.6517596566523605,0.13,,,,0.0,0.0,0.0,0.0
hardship_signal,hardship_00052,A,SYNTHETIC_HARDSHIP_LOW,HARDSHIP_REVIEW,STANDARD_TARGET,1,0,0.8017596566523605,0.98,0.53,,,,1.0,1.0,1.0,0.0
hardship_signal,hardship_00052,B,SYNTHETIC_HARDSHIP_HIGH,HARDSHIP_REVIEW,STANDARD_TARGET,1,0,0.8017596566523605,0.98,0.53,,,,1.0,1.0,1.0,0.0
hardship_signal,hardship_00053,A,SYNTHETIC_HARDSHIP_LOW,STANDARD_ROUTING,STANDARD_TARGET,0,0,0.2017596566523605,0.6517596566523605,0.13,,,,0.0,0.0,0.0,0.0
hardship_signal,hardship_00053,B,SYNTHETIC_HARDSHIP_HIGH,STANDARD_ROUTING,STANDARD_TARGET,0,0,0.2017596566523605,0.6517596566523605,0.13,,,,0.0,0.0,0.0,0.0
hardship_signal,hardship_00054,A,SYNTHETIC_HARDSHIP_LOW,STANDARD_ROUTING,STANDARD_TARGET,0,0,0.2017596566523605,0.6517596566523605,0.13,,,,0.0,0.0,0.0,0.0
hardship_signal,hardship_00054,B,SYNTHETIC_HARDSHIP_HIGH,STANDARD_ROUTING,STANDARD_TARGET,0,0,0.2017596566523605,0.6517596566523605,0.13,,,,0.0,0.0,0.0,0.0
hardship_signal,hardship_00055,A,SYNTHETIC_HARDSHIP_LOW,STANDARD_ROUTING,STANDARD_TARGET,0,0,0.2017596566523605,0.6517596566523605,0.13,,,,0.0,0.0,0.0,0.0
hardship_signal,hardship_00055,B,SYNTHETIC_HARDSHIP_HIGH,STANDARD_ROUTING,STANDARD_TARGET,0,0,0.2017596566523605,0.6517596566523605,0.13,,,,0.0,0.0,0.0,0.0
hardship_signal,hardship_00056,A,SYNTHETIC_HARDSHIP_LOW,STANDARD_ROUTING,STANDARD_TARGET,0,0,0.2017596566523605,0.6517596566523605,0.13,,,,0.0,0.0,0.0,0.0
hardship_signal,hardship_00056,B,SYNTHETIC_HARDSHIP_HIGH,HARDSHIP_REVIEW,STANDARD_TARGET,1,0,0.2017596566523605,0.6517596566523605,0.13,,,,0.0,0.0,0.0,0.0
hardship_signal,hardship_00057,A,SYNTHETIC_HARDSHIP_LOW,STANDARD_ROUTING,STANDARD_TARGET,0,0,0.2017596566523605,0.6517596566523605,0.13,,,,0.0,0.0,0.0,0.0
hardship_signal,hardship_00057,B,SYNTHETIC_HARDSHIP_HIGH,HARDSHIP_REVIEW,STANDARD_TARGET,1,0,0.2017596566523605,0.6517596566523605,0.13,,,,0.0,0.0,0.0,0.0
hardship_signal,hardship_00058,A,SYNTHETIC_HARDSHIP_LOW,HARDSHIP_REVIEW,STANDARD_TARGET,1,0,0.2017596566523605,0.6517596566523605,0.13,,,,0.0,0.0,0.0,0.0
hardship_signal,hardship_00058,B,SYNTHETIC_HARDSHIP_HIGH,STANDARD_ROUTING,STANDARD_TARGET,0,0,0.2017596566523605,0.6517596566523605,0.13,,,,0.0,0.0,0.0,0.0
hardship_signal,hardship_00059,A,SYNTHETIC_HARDSHIP_LOW,STANDARD_ROUTING,STANDARD_TARGET,0,0,0.2017596566523605,0.6517596566523605,0.13,,,,0.0,0.0,0.0,0.0
hardship_signal,hardship_00059,B,SYNTHETIC_HARDSHIP_HIGH,STANDARD_ROUTING,STANDARD_TARGET,0,0,0.2017596566523605,0.6517596566523605,0.13,,,,0.0,0.0,0.0,0.0
hardship_signal,hardship_00060,A,SYNTHETIC_HARDSHIP_LOW,STANDARD_ROUTING,STANDARD_TARGET,0,0,0.2017596566523605,0.6517596566523605,0.13,,,,0.0,0.0,0.0,0.0
hardship_signal,hardship_00060,B,SYNTHETIC_HARDSHIP_HIGH,STANDARD_ROUTING,STANDARD_TARGET,0,0,0.2017596566523605,0.6517596566523605,0.13,,,,0.0,0.0,0.0,0.0
hardship_signal,hardship_00061,A,SYNTHETIC_HARDSHIP_LOW,HARDSHIP_REVIEW,STANDARD_TARGET,1,0,0.2017596566523605,0.6517596566523605,0.13,,,,0.0,0.0,0.0,0.0
hardship_signal,hardship_00061,B,SYNTHETIC_HARDSHIP_HIGH,STANDARD_ROUTING,STANDARD_TARGET,0,0,0.2017596566523605,0.6517596566523605,0.13,,,,0.0,0.0,0.0,0.0
hardship_signal,hardship_00062,A,SYNTHETIC_HARDSHIP_LOW,HARDSHIP_REVIEW,STANDARD_TARGET,1,0,0.2017596566523605,0.6517596566523605,0.13,,,,0.0,0.0,0.0,0.0
hardship_signal,hardship_00062,B,SYNTHETIC_HARDSHIP_HIGH,HARDSHIP_REVIEW,STANDARD_TARGET,1,0,0.2017596566523605,0.6517596566523605,0.13,,,,0.0,0.0,0.0,0.0
hardship_signal,hardship_00063,A,SYNTHETIC_HARDSHIP_LOW,STANDARD_ROUTING,STANDARD_TARGET,0,0,0.2017596566523605,0.6517596566523605,0.13,,,,0.0,0.0,0.0,0.0
hardship_signal,hardship_00063,B,SYNTHETIC_HARDSHIP_HIGH,HARDSHIP_REVIEW,STANDARD_TARGET,1,0,0.2017596566523605,0.6517596566523605,0.13,,,,0.0,0.0,0.0,0.0
hardship_signal,hardship_00064,A,SYNTHETIC_HARDSHIP_LOW,HARDSHIP_REVIEW,PROMOTION_TARGET,1,1,0.2017596566523605,0.6517596566523605,0.13,,,,0.0,0.0,0.0,0.0
hardship_signal,hardship_00064,B,SYNTHETIC_HARDSHIP_HIGH,HARDSHIP_REVIEW,PROMOTION_TARGET,1,1,0.2017596566523605,0.6517596566523605,0.13,,,,0.0,0.0,0.0,0.0
hardship_signal,hardship_00065,A,SYNTHETIC_HARDSHIP_LOW,STANDARD_ROUTING,STANDARD_TARGET,0,0,0.2017596566523605,0.6517596566523605,0.13,,,,0.0,0.0,0.0,0.0
hardship_signal,hardship_00065,B,SYNTHETIC_HARDSHIP_HIGH,HARDSHIP_REVIEW,STANDARD_TARGET,1,0,0.2017596566523605,0.6517596566523605,0.13,,,,0.0,0.0,0.0,0.0
hardship_signal,hardship_00066,A,SYNTHETIC_HARDSHIP_LOW,STANDARD_ROUTING,STANDARD_TARGET,0,0,0.2017596566523605,0.6517596566523605,0.13,,,,0.0,0.0,0.0,0.0
hardship_signal,hardship_00066,B,SYNTHETIC_HARDSHIP_HIGH,HARDSHIP_REVIEW,STANDARD_TARGET,1,0,0.2017596566523605,0.6517596566523605,0.13,,,,0.0,0.0,0.0,0.0
hardship_signal,hardship_00067,A,SYNTHETIC_HARDSHIP_LOW,STANDARD_ROUTING,STANDARD_TARGET,0,0,0.2017596566523605,0.6517596566523605,0.13,,,,0.0,0.0,0.0,0.0
hardship_signal,hardship_00067,B,SYNTHETIC_HARDSHIP_HIGH,STANDARD_ROUTING,STANDARD_TARGET,0,0,0.2017596566523605,0.6517596566523605,0.13,,,,0.0,0.0,0.0,0.0
hardship_signal,hardship_00068,A,SYNTHETIC_HARDSHIP_LOW,STANDARD_ROUTING,STANDARD_TARGET,0,0,0.2017596566523605,0.6517596566523605,0.13,,,,0.0,0.0,0.0,0.0
hardship_signal,hardship_00068,B,SYNTHETIC_HARDSHIP_HIGH,HARDSHIP_REVIEW,STANDARD_TARGET,1,0,0.2017596566523605,0.6517596566523605,0.13,,,,0.0,0.0,0.0,0.0
hardship_signal,hardship_00069,A,SYNTHETIC_HARDSHIP_LOW,STANDARD_ROUTING,STANDARD_TARGET,0,0,0.2017596566523605,0.6517596566523605,0.13,,,,0.0,0.0,0.0,0.0
hardship_signal,hardship_00069,B,SYNTHETIC_HARDSHIP_HIGH,STANDARD_ROUTING,STANDARD_TARGET,0,0,0.2017596566523605,0.6517596566523605,0.13,,,,0.0,0.0,0.0,0.0
hardship_signal,hardship_00070,A,SYNTHETIC_HARDSHIP_LOW,STANDARD_ROUTING,STANDARD_TARGET,0,0,0.2017596566523605,0.6517596566523605,0.13,,,,0.0,0.0,0.0,0.0
hardship_signal,hardship_00070,B,SYNTHETIC_HARDSHIP_HIGH,HARDSHIP_REVIEW,STANDARD_TARGET,1,0,0.2017596566523605,0.6517596566523605,0.13,,,,0.0,0.0,0.0,0.0
hardship_signal,hardship_00071,A,SYNTHETIC_HARDSHIP_LOW,STANDARD_ROUTING,STANDARD_TARGET,0,0,0.2017596566523605,0.6517596566523605,0.13,,,,0.0,0.0,0.0,0.0
hardship_signal,hardship_00071,B,SYNTHETIC_HARDSHIP_HIGH,HARDSHIP_REVIEW,STANDARD_TARGET,1,0,0.2017596566523605,0.6517596566523605,0.13,,,,0.0,0.0,0.0,0.0
hardship_signal,hardship_00072,A,SYNTHETIC_HARDSHIP_LOW,STANDARD_ROUTING,STANDARD_TARGET,0,0,0.2017596566523605,0.6517596566523605,0.13,,,,0.0,0.0,0.0,0.0
hardship_signal,hardship_00072,B,SYNTHETIC_HARDSHIP_HIGH,HARDSHIP_REVIEW,STANDARD_TARGET,1,0,0.2017596566523605,0.6517596566523605,0.13,,,,0.0,0.0,0.0,0.0
hardship_signal,hardship_00073,A,SYNTHETIC_HARDSHIP_LOW,STANDARD_ROUTING,STANDARD_TARGET,0,0,0.2017596566523605,0.6517596566523605,0.13,,,,0.0,0.0,0.0,0.0
hardship_signal,hardship_00073,B,SYNTHETIC_HARDSHIP_HIGH,HARDSHIP_REVIEW,STANDARD_TARGET,1,0,0.2017596566523605,0.6517596566523605,0.13,,,,0.0,0.0,0.0,0.0
hardship_signal,hardship_00074,A,SYNTHETIC_HARDSHIP_LOW,HARDSHIP_REVIEW,STANDARD_TARGET,1,0,0.2017596566523605,0.6517596566523605,0.13,,,,0.0,0.0,0.0,0.0
hardship_signal,hardship_00074,B,SYNTHETIC_HARDSHIP_HIGH,HARDSHIP_REVIEW,STANDARD_TARGET,1,0,0.2017596566523605,0.6517596566523605,0.13,,,,0.0,0.0,0.0,0.0
hardship_signal,hardship_00075,A,SYNTHETIC_HARDSHIP_LOW,STANDARD_ROUTING,STANDARD_TARGET,0,0,0.2017596566523605,0.6517596566523605,0.13,,,,0.0,0.0,0.0,0.0
hardship_signal,hardship_00075,B,SYNTHETIC_HARDSHIP_HIGH,HARDSHIP_REVIEW,STANDARD_TARGET,1,0,0.2017596566523605,0.6517596566523605,0.13,,,,0.0,0.0,0.0,0.0
hardship_signal,hardship_00076,A,SYNTHETIC_HARDSHIP_LOW,STANDARD_ROUTING,STANDARD_TARGET,0,0,0.2017596566523605,0.6517596566523605,0.13,,,,0.0,0.0,0.0,0.0
hardship_signal,hardship_00076,B,SYNTHETIC_HARDSHIP_HIGH,HARDSHIP_REVIEW,STANDARD_TARGET,1,0,0.2017596566523605,0.6517596566523605,0.13,,,,0.0,0.0,0.0,0.0
hardship_signal,hardship_00077,A,SYNTHETIC_HARDSHIP_LOW,STANDARD_ROUTING,STANDARD_TARGET,0,0,0.2017596566523605,0.6517596566523605,0.13,,,,0.0,0.0,0.0,0.0
hardship_signal,hardship_00077,B,SYNTHETIC_HARDSHIP_HIGH,HARDSHIP_REVIEW,STANDARD_TARGET,1,0,0.2017596566523605,0.6517596566523605,0.13,,,,0.0,0.0,0.0,0.0
hardship_signal,hardship_00078,A,SYNTHETIC_HARDSHIP_LOW,HARDSHIP_REVIEW,PROMOTION_TARGET,1,1,0.8017596566523605,0.98,0.53,,,,1.0,1.0,1.0,0.0
hardship_signal,hardship_00078,B,SYNTHETIC_HARDSHIP_HIGH,HARDSHIP_REVIEW,PROMOTION_TARGET,1,1,0.8017596566523605,0.98,0.53,,,,1.0,1.0,1.0,0.0
hardship_signal,hardship_00079,A,SYNTHETIC_HARDSHIP_LOW,STANDARD_ROUTING,STANDARD_TARGET,0,0,0.2017596566523605,0.6517596566523605,0.13,,,,0.0,0.0,0.0,0.0
hardship_signal,hardship_00079,B,SYNTHETIC_HARDSHIP_HIGH,HARDSHIP_REVIEW,STANDARD_TARGET,1,0,0.2017596566523605,0.6517596566523605,0.13,,,,0.0,0.0,0.0,0.0
hardship_signal,hardship_00080,A,SYNTHETIC_HARDSHIP_LOW,HARDSHIP_REVIEW,STANDARD_TARGET,1,0,0.2017596566523605,0.6517596566523605,0.13,,,,0.0,0.0,0.0,0.0
hardship_signal,hardship_00080,B,SYNTHETIC_HARDSHIP_HIGH,STANDARD_ROUTING,STANDARD_TARGET,0,0,0.2017596566523605,0.6517596566523605,0.13,,,,0.0,0.0,0.0,0.0
hardship_signal,hardship_00081,A,SYNTHETIC_HARDSHIP_LOW,STANDARD_ROUTING,STANDARD_TARGET,0,0,0.2017596566523605,0.6517596566523605,0.13,,,,0.0,0.0,0.0,0.0
hardship_signal,hardship_00081,B,SYNTHETIC_HARDSHIP_HIGH,STANDARD_ROUTING,STANDARD_TARGET,0,0,0.2017596566523605,0.6517596566523605,0.13,,,,0.0,0.0,0.0,0.0
hardship_signal,hardship_00082,A,SYNTHETIC_HARDSHIP_LOW,STANDARD_ROUTING,STANDARD_TARGET,0,0,0.2017596566523605,0.6517596566523605,0.13,,,,0.0,0.0,0.0,0.0
hardship_signal,hardship_00082,B,SYNTHETIC_HARDSHIP_HIGH,HARDSHIP_REVIEW,STANDARD_TARGET,1,0,0.2017596566523605,0.6517596566523605,0.13,,,,0.0,0.0,0.0,0.0
hardship_signal,hardship_00083,A,SYNTHETIC_HARDSHIP_LOW,STANDARD_ROUTING,STANDARD_TARGET,0,0,0.2017596566523605,0.6517596566523605,0.13,,,,0.0,0.0,0.0,0.0
hardship_signal,hardship_00083,B,SYNTHETIC_HARDSHIP_HIGH,HARDSHIP_REVIEW,STANDARD_TARGET,1,0,0.2017596566523605,0.6517596566523605,0.13,,,,0.0,0.0,0.0,0.0
hardship_signal,hardship_00084,A,SYNTHETIC_HARDSHIP_LOW,STANDARD_ROUTING,PROMOTION_TARGET,0,1,0.2017596566523605,0.6517596566523605,0.13,,,,0.0,0.0,0.0,0.0
hardship_signal,hardship_00084,B,SYNTHETIC_HARDSHIP_HIGH,STANDARD_ROUTING,PROMOTION_TARGET,0,1,0.2017596566523605,0.6517596566523605,0.13,,,,0.0,0.0,0.0,0.0
hardship_signal,hardship_00085,A,SYNTHETIC_HARDSHIP_LOW,STANDARD_ROUTING,PROMOTION_TARGET,0,1,0.2017596566523605,0.6517596566523605,0.13,,,,0.0,0.0,0.0,0.0
hardship_signal,hardship_00085,B,SYNTHETIC_HARDSHIP_HIGH,STANDARD_ROUTING,PROMOTION_TARGET,0,1,0.2017596566523605,0.6517596566523605,0.13,,,,0.0,0.0,0.0,0.0
hardship_signal,hardship_00086,A,SYNTHETIC_HARDSHIP_LOW,STANDARD_ROUTING,STANDARD_TARGET,0,0,0.2017596566523605,0.6517596566523605,0.13,,,,0.0,0.0,0.0,0.0
hardship_signal,hardship_00086,B,SYNTHETIC_HARDSHIP_HIGH,STANDARD_ROUTING,STANDARD_TARGET,0,0,0.2017596566523605,0.6517596566523605,0.13,,,,0.0,0.0,0.0,0.0
hardship_signal,hardship_00087,A,SYNTHETIC_HARDSHIP_LOW,STANDARD_ROUTING,STANDARD_TARGET,0,0,0.2017596566523605,0.6517596566523605,0.13,,,,0.0,0.0,0.0,0.0
hardship_signal,hardship_00087,B,SYNTHETIC_HARDSHIP_HIGH,HARDSHIP_REVIEW,STANDARD_TARGET,1,0,0.2017596566523605,0.6517596566523605,0.13,,,,0.0,0.0,0.0,0.0
hardship_signal,hardship_00088,A,SYNTHETIC_HARDSHIP_LOW,STANDARD_ROUTING,STANDARD_TARGET,0,0,0.2017596566523605,0.6517596566523605,0.13,,,,0.0,0.0,0.0,0.0
hardship_signal,hardship_00088,B,SYNTHETIC_HARDSHIP_HIGH,HARDSHIP_REVIEW,STANDARD_TARGET,1,0,0.2017596566523605,0.6517596566523605,0.13,,,,0.0,0.0,0.0,0.0
hardship_signal,hardship_00089,A,SYNTHETIC_HARDSHIP_LOW,HARDSHIP_REVIEW,STANDARD_TARGET,1,0,0.8017596566523605,0.98,0.53,,,,1.0,1.0,1.0,0.0
hardship_signal,hardship_00089,B,SYNTHETIC_HARDSHIP_HIGH,HARDSHIP_REVIEW,STANDARD_TARGET,1,0,0.8017596566523605,0.98,0.53,,,,1.0,1.0,1.0,0.0
hardship_signal,hardship_00090,A,SYNTHETIC_HARDSHIP_LOW,STANDARD_ROUTING,STANDARD_TARGET,0,0,0.2017596566523605,0.6517596566523605,0.13,,,,0.0,0.0,0.0,0.0
hardship_signal,hardship_00090,B,SYNTHETIC_HARDSHIP_HIGH,HARDSHIP_REVIEW,STANDARD_TARGET,1,0,0.2017596566523605,0.6517596566523605,0.13,,,,0.0,0.0,0.0,0.0
hardship_signal,hardship_00091,A,SYNTHETIC_HARDSHIP_LOW,STANDARD_ROUTING,STANDARD_TARGET,0,0,0.2017596566523605,0.6517596566523605,0.13,,,,0.0,0.0,0.0,0.0
hardship_signal,hardship_00091,B,SYNTHETIC_HARDSHIP_HIGH,HARDSHIP_REVIEW,STANDARD_TARGET,1,0,0.2017596566523605,0.6517596566523605,0.13,,,,0.0,0.0,0.0,0.0
hardship_signal,hardship_00092,A,SYNTHETIC_HARDSHIP_LOW,STANDARD_ROUTING,PROMOTION_TARGET,0,1,0.2017596566523605,0.6517596566523605,0.13,,,,0.0,0.0,0.0,0.0
hardship_signal,hardship_00092,B,SYNTHETIC_HARDSHIP_HIGH,HARDSHIP_REVIEW,PROMOTION_TARGET,1,1,0.2017596566523605,0.6517596566523605,0.13,,,,0.0,0.0,0.0,0.0
hardship_signal,hardship_00093,A,SYNTHETIC_HARDSHIP_LOW,STANDARD_ROUTING,STANDARD_TARGET,0,0,0.2017596566523605,0.6517596566523605,0.13,,,,0.0,0.0,0.0,0.0
hardship_signal,hardship_00093,B,SYNTHETIC_HARDSHIP_HIGH,HARDSHIP_REVIEW,STANDARD_TARGET,1,0,0.2017596566523605,0.6517596566523605,0.13,,,,0.0,0.0,0.0,0.0
hardship_signal,hardship_00094,A,SYNTHETIC_HARDSHIP_LOW,STANDARD_ROUTING,STANDARD_TARGET,0,0,0.2017596566523605,0.6517596566523605,0.13,,,,0.0,0.0,0.0,0.0
hardship_signal,hardship_00094,B,SYNTHETIC_HARDSHIP_HIGH,HARDSHIP_REVIEW,STANDARD_TARGET,1,0,0.2017596566523605,0.6517596566523605,0.13,,,,0.0,0.0,0.0,0.0
hardship_signal,hardship_00095,A,SYNTHETIC_HARDSHIP_LOW,HARDSHIP_REVIEW,STANDARD_TARGET,1,0,0.5617596566523605,0.98,0.37,,,,0.6,1.0,0.0,0.0
hardship_signal,hardship_00095,B,SYNTHETIC_HARDSHIP_HIGH,HARDSHIP_REVIEW,STANDARD_TARGET,1,0,0.5617596566523605,0.98,0.37,,,,0.6,1.0,0.0,0.0
hardship_signal,hardship_00096,A,SYNTHETIC_HARDSHIP_LOW,STANDARD_ROUTING,STANDARD_TARGET,0,0,0.2017596566523605,0.6517596566523605,0.13,,,,0.0,0.0,0.0,0.0
hardship_signal,hardship_00096,B,SYNTHETIC_HARDSHIP_HIGH,STANDARD_ROUTING,STANDARD_TARGET,0,0,0.2017596566523605,0.6517596566523605,0.13,,,,0.0,0.0,0.0,0.0
hardship_signal,hardship_00097,A,SYNTHETIC_HARDSHIP_LOW,HARDSHIP_REVIEW,STANDARD_TARGET,1,0,0.5617596566523605,0.98,0.37,,,,0.6,1.0,0.0,0.0
hardship_signal,hardship_00097,B,SYNTHETIC_HARDSHIP_HIGH,HARDSHIP_REVIEW,STANDARD_TARGET,1,0,0.5617596566523605,0.98,0.37,,,,0.6,1.0,0.0,0.0
hardship_signal,hardship_00098,A,SYNTHETIC_HARDSHIP_LOW,STANDARD_ROUTING,PROMOTION_TARGET,0,1,0.2017596566523605,0.6517596566523605,0.13,,,,0.0,0.0,0.0,0.0
hardship_signal,hardship_00098,B,SYNTHETIC_HARDSHIP_HIGH,HARDSHIP_REVIEW,PROMOTION_TARGET,1,1,0.2017596566523605,0.6517596566523605,0.13,,,,0.0,0.0,0.0,0.0
hardship_signal,hardship_00099,A,SYNTHETIC_HARDSHIP_LOW,STANDARD_ROUTING,STANDARD_TARGET,0,0,0.5617596566523605,0.98,0.37,,,,0.6,1.0,0.0,0.0
hardship_signal,hardship_00099,B,SYNTHETIC_HARDSHIP_HIGH,HARDSHIP_REVIEW,STANDARD_TARGET,1,0,0.5617596566523605,0.98,0.37,,,,0.6,1.0,0.0,0.0
hardship_signal,hardship_00100,A,SYNTHETIC_HARDSHIP_LOW,STANDARD_ROUTING,PROMOTION_TARGET,0,1,0.2017596566523605,0.6517596566523605,0.13,,,,0.0,0.0,0.0,0.0
hardship_signal,hardship_00100,B,SYNTHETIC_HARDSHIP_HIGH,HARDSHIP_REVIEW,PROMOTION_TARGET,1,1,0.2017596566523605,0.6517596566523605,0.13,,,,0.0,0.0,0.0,0.0
hardship_signal,hardship_00101,A,SYNTHETIC_HARDSHIP_LOW,STANDARD_ROUTING,PROMOTION_TARGET,0,1,0.2017596566523605,0.6517596566523605,0.13,,,,0.0,0.0,0.0,0.0
hardship_signal,hardship_00101,B,SYNTHETIC_HARDSHIP_HIGH,HARDSHIP_REVIEW,PROMOTION_TARGET,1,1,0.2017596566523605,0.6517596566523605,0.13,,,,0.0,0.0,0.0,0.0
hardship_signal,hardship_00102,A,SYNTHETIC_HARDSHIP_LOW,STANDARD_ROUTING,STANDARD_TARGET,0,0,0.2017596566523605,0.6517596566523605,0.13,,,,0.0,0.0,0.0,0.0
hardship_signal,hardship_00102,B,SYNTHETIC_HARDSHIP_HIGH,HARDSHIP_REVIEW,STANDARD_TARGET,1,0,0.2017596566523605,0.6517596566523605,0.13,,,,0.0,0.0,0.0,0.0
hardship_signal,hardship_00103,A,SYNTHETIC_HARDSHIP_LOW,STANDARD_ROUTING,STANDARD_TARGET,0,0,0.2017596566523605,0.6517596566523605,0.13,,,,0.0,0.0,0.0,0.0
hardship_signal,hardship_00103,B,SYNTHETIC_HARDSHIP_HIGH,HARDSHIP_REVIEW,STANDARD_TARGET,1,0,0.2017596566523605,0.6517596566523605,0.13,,,,0.0,0.0,0.0,0.0
hardship_signal,hardship_00104,A,SYNTHETIC_HARDSHIP_LOW,HARDSHIP_REVIEW,PROMOTION_TARGET,1,1,0.2017596566523605,0.6517596566523605,0.13,,,,0.0,0.0,0.0,0.0
hardship_signal,hardship_00104,B,SYNTHETIC_HARDSHIP_HIGH,STANDARD_ROUTING,PROMOTION_TARGET,0,1,0.2017596566523605,0.6517596566523605,0.13,,,,0.0,0.0,0.0,0.0
hardship_signal,hardship_00105,A,SYNTHETIC_HARDSHIP_LOW,STANDARD_ROUTING,STANDARD_TARGET,0,0,0.2017596566523605,0.6517596566523605,0.13,,,,0.0,0.0,0.0,0.0
hardship_signal,hardship_00105,B,SYNTHETIC_HARDSHIP_HIGH,HARDSHIP_REVIEW,STANDARD_TARGET,1,0,0.2017596566523605,0.6517596566523605,0.13,,,,0.0,0.0,0.0,0.0
hardship_signal,hardship_00106,A,SYNTHETIC_HARDSHIP_LOW,STANDARD_ROUTING,STANDARD_TARGET,0,0,0.2017596566523605,0.6517596566523605,0.13,,,,0.0,0.0,0.0,0.0
hardship_signal,hardship_00106,B,SYNTHETIC_HARDSHIP_HIGH,HARDSHIP_REVIEW,STANDARD_TARGET,1,0,0.2017596566523605,0.6517596566523605,0.13,,,,0.0,0.0,0.0,0.0
hardship_signal,hardship_00107,A,SYNTHETIC_HARDSHIP_LOW,STANDARD_ROUTING,STANDARD_TARGET,0,0,0.2017596566523605,0.6517596566523605,0.13,,,,0.0,0.0,0.0,0.0
hardship_signal,hardship_00107,B,SYNTHETIC_HARDSHIP_HIGH,HARDSHIP_REVIEW,STANDARD_TARGET,1,0,0.2017596566523605,0.6517596566523605,0.13,,,,0.0,0.0,0.0,0.0
hardship_signal,hardship_00108,A,SYNTHETIC_HARDSHIP_LOW,STANDARD_ROUTING,STANDARD_TARGET,0,0,0.2017596566523605,0.6517596566523605,0.13,,,,0.0,0.0,0.0,0.0
hardship_signal,hardship_00108,B,SYNTHETIC_HARDSHIP_HIGH,STANDARD_ROUTING,STANDARD_TARGET,0,0,0.2017596566523605,0.6517596566523605,0.13,,,,0.0,0.0,0.0,0.0
hardship_signal,hardship_00109,A,SYNTHETIC_HARDSHIP_LOW,STANDARD_ROUTING,STANDARD_TARGET,0,0,0.2017596566523605,0.6517596566523605,0.13,,,,0.0,0.0,0.0,0.0
hardship_signal,hardship_00109,B,SYNTHETIC_HARDSHIP_HIGH,HARDSHIP_REVIEW,STANDARD_TARGET,1,0,0.2017596566523605,0.6517596566523605,0.13,,,,0.0,0.0,0.0,0.0
hardship_signal,hardship_00110,A,SYNTHETIC_HARDSHIP_LOW,STANDARD_ROUTING,STANDARD_TARGET,0,0,0.2017596566523605,0.6517596566523605,0.13,,,,0.0,0.0,0.0,0.0
hardship_signal,hardship_00110,B,SYNTHETIC_HARDSHIP_HIGH,HARDSHIP_REVIEW,STANDARD_TARGET,1,0,0.2017596566523605,0.6517596566523605,0.13,,,,0.0,0.0,0.0,0.0
hardship_signal,hardship_00111,A,SYNTHETIC_HARDSHIP_LOW,STANDARD_ROUTING,STANDARD_TARGET,0,0,0.8017596566523605,0.98,0.53,,,,1.0,1.0,1.0,0.0
hardship_signal,hardship_00111,B,SYNTHETIC_HARDSHIP_HIGH,STANDARD_ROUTING,STANDARD_TARGET,0,0,0.8017596566523605,0.98,0.53,,,,1.0,1.0,1.0,0.0
hardship_signal,hardship_00112,A,SYNTHETIC_HARDSHIP_LOW,STANDARD_ROUTING,STANDARD_TARGET,0,0,0.2017596566523605,0.6517596566523605,0.13,,,,0.0,0.0,0.0,0.0
hardship_signal,hardship_00112,B,SYNTHETIC_HARDSHIP_HIGH,HARDSHIP_REVIEW,STANDARD_TARGET,1,0,0.2017596566523605,0.6517596566523605,0.13,,,,0.0,0.0,0.0,0.0
hardship_signal,hardship_00113,A,SYNTHETIC_HARDSHIP_LOW,HARDSHIP_REVIEW,STANDARD_TARGET,1,0,0.2017596566523605,0.6517596566523605,0.13,,,,0.0,0.0,0.0,0.0
hardship_signal,hardship_00113,B,SYNTHETIC_HARDSHIP_HIGH,STANDARD_ROUTING,STANDARD_TARGET,0,0,0.2017596566523605,0.6517596566523605,0.13,,,,0.0,0.0,0.0,0.0
hardship_signal,hardship_00114,A,SYNTHETIC_HARDSHIP_LOW,HARDSHIP_REVIEW,PROMOTION_TARGET,1,1,0.2017596566523605,0.6517596566523605,0.13,,,,0.0,0.0,0.0,0.0
hardship_signal,hardship_00114,B,SYNTHETIC_HARDSHIP_HIGH,HARDSHIP_REVIEW,PROMOTION_TARGET,1,1,0.2017596566523605,0.6517596566523605,0.13,,,,0.0,0.0,0.0,0.0
hardship_signal,hardship_00115,A,SYNTHETIC_HARDSHIP_LOW,STANDARD_ROUTING,STANDARD_TARGET,0,0,0.2017596566523605,0.6517596566523605,0.13,,,,0.0,0.0,0.0,0.0
hardship_signal,hardship_00115,B,SYNTHETIC_HARDSHIP_HIGH,HARDSHIP_REVIEW,STANDARD_TARGET,1,0,0.2017596566523605,0.6517596566523605,0.13,,,,0.0,0.0,0.0,0.0
hardship_signal,hardship_00116,A,SYNTHETIC_HARDSHIP_LOW,STANDARD_ROUTING,STANDARD_TARGET,0,0,0.2017596566523605,0.6517596566523605,0.13,,,,0.0,0.0,0.0,0.0
hardship_signal,hardship_00116,B,SYNTHETIC_HARDSHIP_HIGH,STANDARD_ROUTING,STANDARD_TARGET,0,0,0.2017596566523605,0.6517596566523605,0.13,,,,0.0,0.0,0.0,0.0
hardship_signal,hardship_00117,A,SYNTHETIC_HARDSHIP_LOW,STANDARD_ROUTING,STANDARD_TARGET,0,0,0.2017596566523605,0.6517596566523605,0.13,,,,0.0,0.0,0.0,0.0
hardship_signal,hardship_00117,B,SYNTHETIC_HARDSHIP_HIGH,STANDARD_ROUTING,STANDARD_TARGET,0,0,0.2017596566523605,0.6517596566523605,0.13,,,,0.0,0.0,0.0,0.0
hardship_signal,hardship_00118,A,SYNTHETIC_HARDSHIP_LOW,HARDSHIP_REVIEW,STANDARD_TARGET,1,0,0.2017596566523605,0.6517596566523605,0.13,,,,0.0,0.0,0.0,0.0
hardship_signal,hardship_00118,B,SYNTHETIC_HARDSHIP_HIGH,HARDSHIP_REVIEW,STANDARD_TARGET,1,0,0.2017596566523605,0.6517596566523605,0.13,,,,0.0,0.0,0.0,0.0
hardship_signal,hardship_00119,A,SYNTHETIC_HARDSHIP_LOW,STANDARD_ROUTING,PROMOTION_TARGET,0,1,0.2017596566523605,0.6517596566523605,0.13,,,,0.0,0.0,0.0,0.0
hardship_signal,hardship_00119,B,SYNTHETIC_HARDSHIP_HIGH,HARDSHIP_REVIEW,PROMOTION_TARGET,1,1,0.2017596566523605,0.6517596566523605,0.13,,,,0.0,0.0,0.0,0.0
hardship_signal,hardship_00120,A,SYNTHETIC_HARDSHIP_LOW,STANDARD_ROUTING,PROMOTION_TARGET,0,1,0.2017596566523605,0.6517596566523605,0.13,,,,0.0,0.0,0.0,0.0
hardship_signal,hardship_00120,B,SYNTHETIC_HARDSHIP_HIGH,HARDSHIP_REVIEW,PROMOTION_TARGET,1,1,0.2017596566523605,0.6517596566523605,0.13,,,,0.0,0.0,0.0,0.0
hardship_signal,hardship_00121,A,SYNTHETIC_HARDSHIP_LOW,STANDARD_ROUTING,STANDARD_TARGET,0,0,0.2017596566523605,0.6517596566523605,0.13,,,,0.0,0.0,0.0,0.0
hardship_signal,hardship_00121,B,SYNTHETIC_HARDSHIP_HIGH,HARDSHIP_REVIEW,STANDARD_TARGET,1,0,0.2017596566523605,0.6517596566523605,0.13,,,,0.0,0.0,0.0,0.0
hardship_signal,hardship_00122,A,SYNTHETIC_HARDSHIP_LOW,STANDARD_ROUTING,STANDARD_TARGET,0,0,0.2017596566523605,0.6517596566523605,0.13,,,,0.0,0.0,0.0,0.0
hardship_signal,hardship_00122,B,SYNTHETIC_HARDSHIP_HIGH,HARDSHIP_REVIEW,STANDARD_TARGET,1,0,0.2017596566523605,0.6517596566523605,0.13,,,,0.0,0.0,0.0,0.0
hardship_signal,hardship_00123,A,SYNTHETIC_HARDSHIP_LOW,STANDARD_ROUTING,STANDARD_TARGET,0,0,0.2017596566523605,0.6517596566523605,0.13,,,,0.0,0.0,0.0,0.0
hardship_signal,hardship_00123,B,SYNTHETIC_HARDSHIP_HIGH,STANDARD_ROUTING,STANDARD_TARGET,0,0,0.2017596566523605,0.6517596566523605,0.13,,,,0.0,0.0,0.0,0.0
hardship_signal,hardship_00124,A,SYNTHETIC_HARDSHIP_LOW,STANDARD_ROUTING,STANDARD_TARGET,0,0,0.2017596566523605,0.6517596566523605,0.13,,,,0.0,0.0,0.0,0.0
hardship_signal,hardship_00124,B,SYNTHETIC_HARDSHIP_HIGH,HARDSHIP_REVIEW,STANDARD_TARGET,1,0,0.2017596566523605,0.6517596566523605,0.13,,,,0.0,0.0,0.0,0.0
hardship_signal,hardship_00125,A,SYNTHETIC_HARDSHIP_LOW,STANDARD_ROUTING,STANDARD_TARGET,0,0,0.2017596566523605,0.6517596566523605,0.13,,,,0.0,0.0,0.0,0.0
hardship_signal,hardship_00125,B,SYNTHETIC_HARDSHIP_HIGH,HARDSHIP_REVIEW,STANDARD_TARGET,1,0,0.2017596566523605,0.6517596566523605,0.13,,,,0.0,0.0,0.0,0.0
hardship_signal,hardship_00126,A,SYNTHETIC_HARDSHIP_LOW,STANDARD_ROUTING,STANDARD_TARGET,0,0,0.2017596566523605,0.6517596566523605,0.13,,,,0.0,0.0,0.0,0.0
hardship_signal,hardship_00126,B,SYNTHETIC_HARDSHIP_HIGH,HARDSHIP_REVIEW,STANDARD_TARGET,1,0,0.2017596566523605,0.6517596566523605,0.13,,,,0.0,0.0,0.0,0.0
hardship_signal,hardship_00127,A,SYNTHETIC_HARDSHIP_LOW,STANDARD_ROUTING,PROMOTION_TARGET,0,1,0.2017596566523605,0.6517596566523605,0.13,,,,0.0,0.0,0.0,0.0
hardship_signal,hardship_00127,B,SYNTHETIC_HARDSHIP_HIGH,HARDSHIP_REVIEW,PROMOTION_TARGET,1,1,0.2017596566523605,0.6517596566523605,0.13,,,,0.0,0.0,0.0,0.0
hardship_signal,hardship_00128,A,SYNTHETIC_HARDSHIP_LOW,STANDARD_ROUTING,STANDARD_TARGET,0,0,0.5617596566523605,0.98,0.37,,,,0.6,1.0,0.0,0.0
hardship_signal,hardship_00128,B,SYNTHETIC_HARDSHIP_HIGH,STANDARD_ROUTING,STANDARD_TARGET,0,0,0.5617596566523605,0.98,0.37,,,,0.6,1.0,0.0,0.0
hardship_signal,hardship_00129,A,SYNTHETIC_HARDSHIP_LOW,STANDARD_ROUTING,STANDARD_TARGET,0,0,0.2017596566523605,0.6517596566523605,0.13,,,,0.0,0.0,0.0,0.0
hardship_signal,hardship_00129,B,SYNTHETIC_HARDSHIP_HIGH,HARDSHIP_REVIEW,STANDARD_TARGET,1,0,0.2017596566523605,0.6517596566523605,0.13,,,,0.0,0.0,0.0,0.0
hardship_signal,hardship_00130,A,SYNTHETIC_HARDSHIP_LOW,STANDARD_ROUTING,STANDARD_TARGET,0,0,0.2017596566523605,0.6517596566523605,0.13,,,,0.0,0.0,0.0,0.0
hardship_signal,hardship_00130,B,SYNTHETIC_HARDSHIP_HIGH,HARDSHIP_REVIEW,STANDARD_TARGET,1,0,0.2017596566523605,0.6517596566523605,0.13,,,,0.0,0.0,0.0,0.0
hardship_signal,hardship_00131,A,SYNTHETIC_HARDSHIP_LOW,STANDARD_ROUTING,STANDARD_TARGET,0,0,0.2017596566523605,0.6517596566523605,0.13,,,,0.0,0.0,0.0,0.0
hardship_signal,hardship_00131,B,SYNTHETIC_HARDSHIP_HIGH,HARDSHIP_REVIEW,STANDARD_TARGET,1,0,0.2017596566523605,0.6517596566523605,0.13,,,,0.0,0.0,0.0,0.0
hardship_signal,hardship_00132,A,SYNTHETIC_HARDSHIP_LOW,STANDARD_ROUTING,STANDARD_TARGET,0,0,0.2017596566523605,0.6517596566523605,0.13,,,,0.0,0.0,0.0,0.0
hardship_signal,hardship_00132,B,SYNTHETIC_HARDSHIP_HIGH,HARDSHIP_REVIEW,STANDARD_TARGET,1,0,0.2017596566523605,0.6517596566523605,0.13,,,,0.0,0.0,0.0,0.0
hardship_signal,hardship_00133,A,SYNTHETIC_HARDSHIP_LOW,STANDARD_ROUTING,STANDARD_TARGET,0,0,0.2017596566523605,0.6517596566523605,0.13,,,,0.0,0.0,0.0,0.0
hardship_signal,hardship_00133,B,SYNTHETIC_HARDSHIP_HIGH,HARDSHIP_REVIEW,STANDARD_TARGET,1,0,0.2017596566523605,0.6517596566523605,0.13,,,,0.0,0.0,0.0,0.0
hardship_signal,hardship_00134,A,SYNTHETIC_HARDSHIP_LOW,HARDSHIP_REVIEW,STANDARD_TARGET,1,0,0.2017596566523605,0.6517596566523605,0.13,,,,0.0,0.0,0.0,0.0
hardship_signal,hardship_00134,B,SYNTHETIC_HARDSHIP_HIGH,HARDSHIP_REVIEW,STANDARD_TARGET,1,0,0.2017596566523605,0.6517596566523605,0.13,,,,0.0,0.0,0.0,0.0
hardship_signal,hardship_00135,A,SYNTHETIC_HARDSHIP_LOW,STANDARD_ROUTING,STANDARD_TARGET,0,0,0.2017596566523605,0.6517596566523605,0.13,,,,0.0,0.0,0.0,0.0
hardship_signal,hardship_00135,B,SYNTHETIC_HARDSHIP_HIGH,HARDSHIP_REVIEW,STANDARD_TARGET,1,0,0.2017596566523605,0.6517596566523605,0.13,,,,0.0,0.0,0.0,0.0
hardship_signal,hardship_00136,A,SYNTHETIC_HARDSHIP_LOW,STANDARD_ROUTING,STANDARD_TARGET,0,0,0.2017596566523605,0.6517596566523605,0.13,,,,0.0,0.0,0.0,0.0
hardship_signal,hardship_00136,B,SYNTHETIC_HARDSHIP_HIGH,HARDSHIP_REVIEW,STANDARD_TARGET,1,0,0.2017596566523605,0.6517596566523605,0.13,,,,0.0,0.0,0.0,0.0
hardship_signal,hardship_00137,A,SYNTHETIC_HARDSHIP_LOW,HARDSHIP_REVIEW,STANDARD_TARGET,1,0,0.2017596566523605,0.6517596566523605,0.13,,,,0.0,0.0,0.0,0.0
hardship_signal,hardship_00137,B,SYNTHETIC_HARDSHIP_HIGH,HARDSHIP_REVIEW,STANDARD_TARGET,1,0,0.2017596566523605,0.6517596566523605,0.13,,,,0.0,0.0,0.0,0.0
hardship_signal,hardship_00138,A,SYNTHETIC_HARDSHIP_LOW,HARDSHIP_REVIEW,STANDARD_TARGET,1,0,0.2017596566523605,0.6517596566523605,0.13,,,,0.0,0.0,0.0,0.0
hardship_signal,hardship_00138,B,SYNTHETIC_HARDSHIP_HIGH,HARDSHIP_REVIEW,STANDARD_TARGET,1,0,0.2017596566523605,0.6517596566523605,0.13,,,,0.0,0.0,0.0,0.0
hardship_signal,hardship_00139,A,SYNTHETIC_HARDSHIP_LOW,STANDARD_ROUTING,PROMOTION_TARGET,0,1,0.8017596566523605,0.98,0.53,,,,1.0,1.0,1.0,0.0
hardship_signal,hardship_00139,B,SYNTHETIC_HARDSHIP_HIGH,HARDSHIP_REVIEW,PROMOTION_TARGET,1,1,0.8017596566523605,0.98,0.53,,,,1.0,1.0,1.0,0.0
hardship_signal,hardship_00140,A,SYNTHETIC_HARDSHIP_LOW,STANDARD_ROUTING,STANDARD_TARGET,0,0,0.2017596566523605,0.6517596566523605,0.13,,,,0.0,0.0,0.0,0.0
hardship_signal,hardship_00140,B,SYNTHETIC_HARDSHIP_HIGH,HARDSHIP_REVIEW,STANDARD_TARGET,1,0,0.2017596566523605,0.6517596566523605,0.13,,,,0.0,0.0,0.0,0.0
hardship_signal,hardship_00141,A,SYNTHETIC_HARDSHIP_LOW,HARDSHIP_REVIEW,STANDARD_TARGET,1,0,0.2017596566523605,0.6517596566523605,0.13,,,,0.0,0.0,0.0,0.0
hardship_signal,hardship_00141,B,SYNTHETIC_HARDSHIP_HIGH,STANDARD_ROUTING,STANDARD_TARGET,0,0,0.2017596566523605,0.6517596566523605,0.13,,,,0.0,0.0,0.0,0.0
hardship_signal,hardship_00142,A,SYNTHETIC_HARDSHIP_LOW,STANDARD_ROUTING,STANDARD_TARGET,0,0,0.2017596566523605,0.6517596566523605,0.13,,,,0.0,0.0,0.0,0.0
hardship_signal,hardship_00142,B,SYNTHETIC_HARDSHIP_HIGH,HARDSHIP_REVIEW,STANDARD_TARGET,1,0,0.2017596566523605,0.6517596566523605,0.13,,,,0.0,0.0,0.0,0.0
hardship_signal,hardship_00143,A,SYNTHETIC_HARDSHIP_LOW,STANDARD_ROUTING,STANDARD_TARGET,0,0,0.2017596566523605,0.6517596566523605,0.13,,,,0.0,0.0,0.0,0.0
hardship_signal,hardship_00143,B,SYNTHETIC_HARDSHIP_HIGH,HARDSHIP_REVIEW,STANDARD_TARGET,1,0,0.2017596566523605,0.6517596566523605,0.13,,,,0.0,0.0,0.0,0.0
hardship_signal,hardship_00144,A,SYNTHETIC_HARDSHIP_LOW,STANDARD_ROUTING,STANDARD_TARGET,0,0,0.2017596566523605,0.6517596566523605,0.13,,,,0.0,0.0,0.0,0.0
hardship_signal,hardship_00144,B,SYNTHETIC_HARDSHIP_HIGH,HARDSHIP_REVIEW,STANDARD_TARGET,1,0,0.2017596566523605,0.6517596566523605,0.13,,,,0.0,0.0,0.0,0.0
hardship_signal,hardship_00145,A,SYNTHETIC_HARDSHIP_LOW,STANDARD_ROUTING,PROMOTION_TARGET,0,1,0.2017596566523605,0.6517596566523605,0.13,,,,0.0,0.0,0.0,0.0
hardship_signal,hardship_00145,B,SYNTHETIC_HARDSHIP_HIGH,STANDARD_ROUTING,PROMOTION_TARGET,0,1,0.2017596566523605,0.6517596566523605,0.13,,,,0.0,0.0,0.0,0.0
hardship_signal,hardship_00146,A,SYNTHETIC_HARDSHIP_LOW,HARDSHIP_REVIEW,STANDARD_TARGET,1,0,0.2017596566523605,0.6517596566523605,0.13,,,,0.0,0.0,0.0,0.0
hardship_signal,hardship_00146,B,SYNTHETIC_HARDSHIP_HIGH,HARDSHIP_REVIEW,STANDARD_TARGET,1,0,0.2017596566523605,0.6517596566523605,0.13,,,,0.0,0.0,0.0,0.0
hardship_signal,hardship_00147,A,SYNTHETIC_HARDSHIP_LOW,HARDSHIP_REVIEW,STANDARD_TARGET,1,0,0.2017596566523605,0.6517596566523605,0.13,,,,0.0,0.0,0.0,0.0
hardship_signal,hardship_00147,B,SYNTHETIC_HARDSHIP_HIGH,HARDSHIP_REVIEW,STANDARD_TARGET,1,0,0.2017596566523605,0.6517596566523605,0.13,,,,0.0,0.0,0.0,0.0
hardship_signal,hardship_00148,A,SYNTHETIC_HARDSHIP_LOW,HARDSHIP_REVIEW,STANDARD_TARGET,1,0,0.8017596566523605,0.98,0.53,,,,1.0,1.0,1.0,0.0
hardship_signal,hardship_00148,B,SYNTHETIC_HARDSHIP_HIGH,HARDSHIP_REVIEW,STANDARD_TARGET,1,0,0.8017596566523605,0.98,0.53,,,,1.0,1.0,1.0,0.0
hardship_signal,hardship_00149,A,SYNTHETIC_HARDSHIP_LOW,STANDARD_ROUTING,STANDARD_TARGET,0,0,0.2017596566523605,0.6517596566523605,0.13,,,,0.0,0.0,0.0,0.0
hardship_signal,hardship_00149,B,SYNTHETIC_HARDSHIP_HIGH,HARDSHIP_REVIEW,STANDARD_TARGET,1,0,0.2017596566523605,0.6517596566523605,0.13,,,,0.0,0.0,0.0,0.0
hardship_signal,hardship_00150,A,SYNTHETIC_HARDSHIP_LOW,STANDARD_ROUTING,PROMOTION_TARGET,0,1,0.5617596566523605,0.98,0.37,,,,0.6,1.0,0.0,0.0
hardship_signal,hardship_00150,B,SYNTHETIC_HARDSHIP_HIGH,HARDSHIP_REVIEW,PROMOTION_TARGET,1,1,0.5617596566523605,0.98,0.37,,,,0.6,1.0,0.0,0.0
hardship_signal,hardship_00151,A,SYNTHETIC_HARDSHIP_LOW,HARDSHIP_REVIEW,STANDARD_TARGET,1,0,0.2017596566523605,0.6517596566523605,0.13,,,,0.0,0.0,0.0,0.0
hardship_signal,hardship_00151,B,SYNTHETIC_HARDSHIP_HIGH,HARDSHIP_REVIEW,STANDARD_TARGET,1,0,0.2017596566523605,0.6517596566523605,0.13,,,,0.0,0.0,0.0,0.0
hardship_signal,hardship_00152,A,SYNTHETIC_HARDSHIP_LOW,STANDARD_ROUTING,STANDARD_TARGET,0,0,0.2017596566523605,0.6517596566523605,0.13,,,,0.0,0.0,0.0,0.0
hardship_signal,hardship_00152,B,SYNTHETIC_HARDSHIP_HIGH,HARDSHIP_REVIEW,STANDARD_TARGET,1,0,0.2017596566523605,0.6517596566523605,0.13,,,,0.0,0.0,0.0,0.0
hardship_signal,hardship_00153,A,SYNTHETIC_HARDSHIP_LOW,HARDSHIP_REVIEW,STANDARD_TARGET,1,0,0.5617596566523605,0.98,0.37,,,,0.6,1.0,0.0,0.0
hardship_signal,hardship_00153,B,SYNTHETIC_HARDSHIP_HIGH,HARDSHIP_REVIEW,STANDARD_TARGET,1,0,0.5617596566523605,0.98,0.37,,,,0.6,1.0,0.0,0.0
hardship_signal,hardship_00154,A,SYNTHETIC_HARDSHIP_LOW,STANDARD_ROUTING,STANDARD_TARGET,0,0,0.2017596566523605,0.6517596566523605,0.13,,,,0.0,0.0,0.0,0.0
hardship_signal,hardship_00154,B,SYNTHETIC_HARDSHIP_HIGH,HARDSHIP_REVIEW,STANDARD_TARGET,1,0,0.2017596566523605,0.6517596566523605,0.13,,,,0.0,0.0,0.0,0.0
hardship_signal,hardship_00155,A,SYNTHETIC_HARDSHIP_LOW,STANDARD_ROUTING,STANDARD_TARGET,0,0,0.2017596566523605,0.6517596566523605,0.13,,,,0.0,0.0,0.0,0.0
hardship_signal,hardship_00155,B,SYNTHETIC_HARDSHIP_HIGH,HARDSHIP_REVIEW,STANDARD_TARGET,1,0,0.2017596566523605,0.6517596566523605,0.13,,,,0.0,0.0,0.0,0.0
hardship_signal,hardship_00156,A,SYNTHETIC_HARDSHIP_LOW,STANDARD_ROUTING,PROMOTION_TARGET,0,1,0.2017596566523605,0.6517596566523605,0.13,,,,0.0,0.0,0.0,0.0
hardship_signal,hardship_00156,B,SYNTHETIC_HARDSHIP_HIGH,STANDARD_ROUTING,PROMOTION_TARGET,0,1,0.2017596566523605,0.6517596566523605,0.13,,,,0.0,0.0,0.0,0.0
hardship_signal,hardship_00157,A,SYNTHETIC_HARDSHIP_LOW,STANDARD_ROUTING,STANDARD_TARGET,0,0,0.2017596566523605,0.6517596566523605,0.13,,,,0.0,0.0,0.0,0.0
hardship_signal,hardship_00157,B,SYNTHETIC_HARDSHIP_HIGH,HARDSHIP_REVIEW,STANDARD_TARGET,1,0,0.2017596566523605,0.6517596566523605,0.13,,,,0.0,0.0,0.0,0.0
hardship_signal,hardship_00158,A,SYNTHETIC_HARDSHIP_LOW,STANDARD_ROUTING,STANDARD_TARGET,0,0,0.2017596566523605,0.6517596566523605,0.13,,,,0.0,0.0,0.0,0.0
hardship_signal,hardship_00158,B,SYNTHETIC_HARDSHIP_HIGH,HARDSHIP_REVIEW,STANDARD_TARGET,1,0,0.2017596566523605,0.6517596566523605,0.13,,,,0.0,0.0,0.0,0.0
hardship_signal,hardship_00159,A,SYNTHETIC_HARDSHIP_LOW,STANDARD_ROUTING,STANDARD_TARGET,0,0,0.2017596566523605,0.6517596566523605,0.13,,,,0.0,0.0,0.0,0.0
hardship_signal,hardship_00159,B,SYNTHETIC_HARDSHIP_HIGH,HARDSHIP_REVIEW,STANDARD_TARGET,1,0,0.2017596566523605,0.6517596566523605,0.13,,,,0.0,0.0,0.0,0.0
hardship_signal,hardship_00160,A,SYNTHETIC_HARDSHIP_LOW,STANDARD_ROUTING,STANDARD_TARGET,0,0,0.5617596566523605,0.98,0.37,,,,0.6,1.0,0.0,0.0
hardship_signal,hardship_00160,B,SYNTHETIC_HARDSHIP_HIGH,HARDSHIP_REVIEW,STANDARD_TARGET,1,0,0.5617596566523605,0.98,0.37,,,,0.6,1.0,0.0,0.0
hardship_signal,hardship_00161,A,SYNTHETIC_HARDSHIP_LOW,STANDARD_ROUTING,STANDARD_TARGET,0,0,0.2017596566523605,0.6517596566523605,0.13,,,,0.0,0.0,0.0,0.0
hardship_signal,hardship_00161,B,SYNTHETIC_HARDSHIP_HIGH,HARDSHIP_REVIEW,STANDARD_TARGET,1,0,0.2017596566523605,0.6517596566523605,0.13,,,,0.0,0.0,0.0,0.0
hardship_signal,hardship_00162,A,SYNTHETIC_HARDSHIP_LOW,STANDARD_ROUTING,STANDARD_TARGET,0,0,0.5617596566523605,0.98,0.37,,,,0.6,1.0,0.0,0.0
hardship_signal,hardship_00162,B,SYNTHETIC_HARDSHIP_HIGH,HARDSHIP_REVIEW,STANDARD_TARGET,1,0,0.5617596566523605,0.98,0.37,,,,0.6,1.0,0.0,0.0
hardship_signal,hardship_00163,A,SYNTHETIC_HARDSHIP_LOW,HARDSHIP_REVIEW,PROMOTION_TARGET,1,1,0.8017596566523605,0.98,0.53,,,,1.0,1.0,1.0,0.0
hardship_signal,hardship_00163,B,SYNTHETIC_HARDSHIP_HIGH,HARDSHIP_REVIEW,PROMOTION_TARGET,1,1,0.8017596566523605,0.98,0.53,,,,1.0,1.0,1.0,0.0
hardship_signal,hardship_00164,A,SYNTHETIC_HARDSHIP_LOW,STANDARD_ROUTING,PROMOTION_TARGET,0,1,0.2017596566523605,0.6517596566523605,0.13,,,,0.0,0.0,0.0,0.0
hardship_signal,hardship_00164,B,SYNTHETIC_HARDSHIP_HIGH,HARDSHIP_REVIEW,PROMOTION_TARGET,1,1,0.2017596566523605,0.6517596566523605,0.13,,,,0.0,0.0,0.0,0.0
hardship_signal,hardship_00165,A,SYNTHETIC_HARDSHIP_LOW,STANDARD_ROUTING,STANDARD_TARGET,0,0,0.2017596566523605,0.6517596566523605,0.13,,,,0.0,0.0,0.0,0.0
hardship_signal,hardship_00165,B,SYNTHETIC_HARDSHIP_HIGH,HARDSHIP_REVIEW,STANDARD_TARGET,1,0,0.2017596566523605,0.6517596566523605,0.13,,,,0.0,0.0,0.0,0.0
hardship_signal,hardship_00166,A,SYNTHETIC_HARDSHIP_LOW,STANDARD_ROUTING,STANDARD_TARGET,0,0,0.2017596566523605,0.6517596566523605,0.13,,,,0.0,0.0,0.0,0.0
hardship_signal,hardship_00166,B,SYNTHETIC_HARDSHIP_HIGH,STANDARD_ROUTING,STANDARD_TARGET,0,0,0.2017596566523605,0.6517596566523605,0.13,,,,0.0,0.0,0.0,0.0
hardship_signal,hardship_00167,A,SYNTHETIC_HARDSHIP_LOW,HARDSHIP_REVIEW,STANDARD_TARGET,1,0,0.2017596566523605,0.6517596566523605,0.13,,,,0.0,0.0,0.0,0.0
hardship_signal,hardship_00167,B,SYNTHETIC_HARDSHIP_HIGH,STANDARD_ROUTING,STANDARD_TARGET,0,0,0.2017596566523605,0.6517596566523605,0.13,,,,0.0,0.0,0.0,0.0
hardship_signal,hardship_00168,A,SYNTHETIC_HARDSHIP_LOW,STANDARD_ROUTING,PROMOTION_TARGET,0,1,0.2017596566523605,0.6517596566523605,0.13,,,,0.0,0.0,0.0,0.0
hardship_signal,hardship_00168,B,SYNTHETIC_HARDSHIP_HIGH,HARDSHIP_REVIEW,PROMOTION_TARGET,1,1,0.2017596566523605,0.6517596566523605,0.13,,,,0.0,0.0,0.0,0.0
hardship_signal,hardship_00169,A,SYNTHETIC_HARDSHIP_LOW,HARDSHIP_REVIEW,STANDARD_TARGET,1,0,0.2017596566523605,0.6517596566523605,0.13,,,,0.0,0.0,0.0,0.0
hardship_signal,hardship_00169,B,SYNTHETIC_HARDSHIP_HIGH,HARDSHIP_REVIEW,STANDARD_TARGET,1,0,0.2017596566523605,0.6517596566523605,0.13,,,,0.0,0.0,0.0,0.0
hardship_signal,hardship_00170,A,SYNTHETIC_HARDSHIP_LOW,STANDARD_ROUTING,STANDARD_TARGET,0,0,0.2017596566523605,0.6517596566523605,0.13,,,,0.0,0.0,0.0,0.0
hardship_signal,hardship_00170,B,SYNTHETIC_HARDSHIP_HIGH,HARDSHIP_REVIEW,STANDARD_TARGET,1,0,0.2017596566523605,0.6517596566523605,0.13,,,,0.0,0.0,0.0,0.0
hardship_signal,hardship_00171,A,SYNTHETIC_HARDSHIP_LOW,HARDSHIP_REVIEW,STANDARD_TARGET,1,0,0.2017596566523605,0.6517596566523605,0.13,,,,0.0,0.0,0.0,0.0
hardship_signal,hardship_00171,B,SYNTHETIC_HARDSHIP_HIGH,STANDARD_ROUTING,STANDARD_TARGET,0,0,0.2017596566523605,0.6517596566523605,0.13,,,,0.0,0.0,0.0,0.0
hardship_signal,hardship_00172,A,SYNTHETIC_HARDSHIP_LOW,STANDARD_ROUTING,STANDARD_TARGET,0,0,0.2017596566523605,0.6517596566523605,0.13,,,,0.0,0.0,0.0,0.0
hardship_signal,hardship_00172,B,SYNTHETIC_HARDSHIP_HIGH,HARDSHIP_REVIEW,STANDARD_TARGET,1,0,0.2017596566523605,0.6517596566523605,0.13,,,,0.0,0.0,0.0,0.0
hardship_signal,hardship_00173,A,SYNTHETIC_HARDSHIP_LOW,STANDARD_ROUTING,STANDARD_TARGET,0,0,0.2017596566523605,0.6517596566523605,0.13,,,,0.0,0.0,0.0,0.0
hardship_signal,hardship_00173,B,SYNTHETIC_HARDSHIP_HIGH,STANDARD_ROUTING,STANDARD_TARGET,0,0,0.2017596566523605,0.6517596566523605,0.13,,,,0.0,0.0,0.0,0.0
hardship_signal,hardship_00174,A,SYNTHETIC_HARDSHIP_LOW,STANDARD_ROUTING,STANDARD_TARGET,0,0,0.2017596566523605,0.6517596566523605,0.13,,,,0.0,0.0,0.0,0.0
hardship_signal,hardship_00174,B,SYNTHETIC_HARDSHIP_HIGH,HARDSHIP_REVIEW,STANDARD_TARGET,1,0,0.2017596566523605,0.6517596566523605,0.13,,,,0.0,0.0,0.0,0.0
hardship_signal,hardship_00175,A,SYNTHETIC_HARDSHIP_LOW,STANDARD_ROUTING,STANDARD_TARGET,0,0,0.2017596566523605,0.6517596566523605,0.13,,,,0.0,0.0,0.0,0.0
hardship_signal,hardship_00175,B,SYNTHETIC_HARDSHIP_HIGH,HARDSHIP_REVIEW,STANDARD_TARGET,1,0,0.2017596566523605,0.6517596566523605,0.13,,,,0.0,0.0,0.0,0.0
hardship_signal,hardship_00176,A,SYNTHETIC_HARDSHIP_LOW,HARDSHIP_REVIEW,PROMOTION_TARGET,1,1,0.2017596566523605,0.6517596566523605,0.13,,,,0.0,0.0,0.0,0.0
hardship_signal,hardship_00176,B,SYNTHETIC_HARDSHIP_HIGH,HARDSHIP_REVIEW,PROMOTION_TARGET,1,1,0.2017596566523605,0.6517596566523605,0.13,,,,0.0,0.0,0.0,0.0
hardship_signal,hardship_00177,A,SYNTHETIC_HARDSHIP_LOW,STANDARD_ROUTING,STANDARD_TARGET,0,0,0.2017596566523605,0.6517596566523605,0.13,,,,0.0,0.0,0.0,0.0
hardship_signal,hardship_00177,B,SYNTHETIC_HARDSHIP_HIGH,HARDSHIP_REVIEW,STANDARD_TARGET,1,0,0.2017596566523605,0.6517596566523605,0.13,,,,0.0,0.0,0.0,0.0
hardship_signal,hardship_00178,A,SYNTHETIC_HARDSHIP_LOW,STANDARD_ROUTING,STANDARD_TARGET,0,0,0.2017596566523605,0.6517596566523605,0.13,,,,0.0,0.0,0.0,0.0
hardship_signal,hardship_00178,B,SYNTHETIC_HARDSHIP_HIGH,HARDSHIP_REVIEW,STANDARD_TARGET,1,0,0.2017596566523605,0.6517596566523605,0.13,,,,0.0,0.0,0.0,0.0
hardship_signal,hardship_00179,A,SYNTHETIC_HARDSHIP_LOW,HARDSHIP_REVIEW,PROMOTION_TARGET,1,1,0.5617596566523605,0.98,0.37,,,,0.6,1.0,0.0,0.0
hardship_signal,hardship_00179,B,SYNTHETIC_HARDSHIP_HIGH,HARDSHIP_REVIEW,PROMOTION_TARGET,1,1,0.5617596566523605,0.98,0.37,,,,0.6,1.0,0.0,0.0
hardship_signal,hardship_00180,A,SYNTHETIC_HARDSHIP_LOW,STANDARD_ROUTING,STANDARD_TARGET,0,0,0.2017596566523605,0.6517596566523605,0.13,,,,0.0,0.0,0.0,0.0
hardship_signal,hardship_00180,B,SYNTHETIC_HARDSHIP_HIGH,HARDSHIP_REVIEW,STANDARD_TARGET,1,0,0.2017596566523605,0.6517596566523605,0.13,,,,0.0,0.0,0.0,0.0
hardship_signal,hardship_00181,A,SYNTHETIC_HARDSHIP_LOW,STANDARD_ROUTING,STANDARD_TARGET,0,0,0.2017596566523605,0.6517596566523605,0.13,,,,0.0,0.0,0.0,0.0
hardship_signal,hardship_00181,B,SYNTHETIC_HARDSHIP_HIGH,STANDARD_ROUTING,STANDARD_TARGET,0,0,0.2017596566523605,0.6517596566523605,0.13,,,,0.0,0.0,0.0,0.0
hardship_signal,hardship_00182,A,SYNTHETIC_HARDSHIP_LOW,STANDARD_ROUTING,STANDARD_TARGET,0,0,0.2017596566523605,0.6517596566523605,0.13,,,,0.0,0.0,0.0,0.0
hardship_signal,hardship_00182,B,SYNTHETIC_HARDSHIP_HIGH,HARDSHIP_REVIEW,STANDARD_TARGET,1,0,0.2017596566523605,0.6517596566523605,0.13,,,,0.0,0.0,0.0,0.0
hardship_signal,hardship_00183,A,SYNTHETIC_HARDSHIP_LOW,STANDARD_ROUTING,STANDARD_TARGET,0,0,0.2017596566523605,0.6517596566523605,0.13,,,,0.0,0.0,0.0,0.0
hardship_signal,hardship_00183,B,SYNTHETIC_HARDSHIP_HIGH,HARDSHIP_REVIEW,STANDARD_TARGET,1,0,0.2017596566523605,0.6517596566523605,0.13,,,,0.0,0.0,0.0,0.0
hardship_signal,hardship_00184,A,SYNTHETIC_HARDSHIP_LOW,STANDARD_ROUTING,STANDARD_TARGET,0,0,0.2017596566523605,0.6517596566523605,0.13,,,,0.0,0.0,0.0,0.0
hardship_signal,hardship_00184,B,SYNTHETIC_HARDSHIP_HIGH,STANDARD_ROUTING,STANDARD_TARGET,0,0,0.2017596566523605,0.6517596566523605,0.13,,,,0.0,0.0,0.0,0.0
hardship_signal,hardship_00185,A,SYNTHETIC_HARDSHIP_LOW,HARDSHIP_REVIEW,STANDARD_TARGET,1,0,0.5617596566523605,0.98,0.37,,,,0.6,1.0,0.0,0.0
hardship_signal,hardship_00185,B,SYNTHETIC_HARDSHIP_HIGH,HARDSHIP_REVIEW,STANDARD_TARGET,1,0,0.5617596566523605,0.98,0.37,,,,0.6,1.0,0.0,0.0
hardship_signal,hardship_00186,A,SYNTHETIC_HARDSHIP_LOW,STANDARD_ROUTING,STANDARD_TARGET,0,0,0.2017596566523605,0.6517596566523605,0.13,,,,0.0,0.0,0.0,0.0
hardship_signal,hardship_00186,B,SYNTHETIC_HARDSHIP_HIGH,HARDSHIP_REVIEW,STANDARD_TARGET,1,0,0.2017596566523605,0.6517596566523605,0.13,,,,0.0,0.0,0.0,0.0
hardship_signal,hardship_00187,A,SYNTHETIC_HARDSHIP_LOW,STANDARD_ROUTING,PROMOTION_TARGET,0,1,0.5617596566523605,0.98,0.37,,,,0.6,1.0,0.0,0.0
hardship_signal,hardship_00187,B,SYNTHETIC_HARDSHIP_HIGH,HARDSHIP_REVIEW,PROMOTION_TARGET,1,1,0.5617596566523605,0.98,0.37,,,,0.6,1.0,0.0,0.0
hardship_signal,hardship_00188,A,SYNTHETIC_HARDSHIP_LOW,STANDARD_ROUTING,STANDARD_TARGET,0,0,0.2017596566523605,0.6517596566523605,0.13,,,,0.0,0.0,0.0,0.0
hardship_signal,hardship_00188,B,SYNTHETIC_HARDSHIP_HIGH,STANDARD_ROUTING,STANDARD_TARGET,0,0,0.2017596566523605,0.6517596566523605,0.13,,,,0.0,0.0,0.0,0.0
hardship_signal,hardship_00189,A,SYNTHETIC_HARDSHIP_LOW,HARDSHIP_REVIEW,STANDARD_TARGET,1,0,0.5617596566523605,0.98,0.37,,,,0.6,1.0,0.0,0.0
hardship_signal,hardship_00189,B,SYNTHETIC_HARDSHIP_HIGH,HARDSHIP_REVIEW,STANDARD_TARGET,1,0,0.5617596566523605,0.98,0.37,,,,0.6,1.0,0.0,0.0
hardship_signal,hardship_00190,A,SYNTHETIC_HARDSHIP_LOW,STANDARD_ROUTING,STANDARD_TARGET,0,0,0.2017596566523605,0.6517596566523605,0.13,,,,0.0,0.0,0.0,0.0
hardship_signal,hardship_00190,B,SYNTHETIC_HARDSHIP_HIGH,HARDSHIP_REVIEW,STANDARD_TARGET,1,0,0.2017596566523605,0.6517596566523605,0.13,,,,0.0,0.0,0.0,0.0
hardship_signal,hardship_00191,A,SYNTHETIC_HARDSHIP_LOW,STANDARD_ROUTING,PROMOTION_TARGET,0,1,0.2017596566523605,0.6517596566523605,0.13,,,,0.0,0.0,0.0,0.0
hardship_signal,hardship_00191,B,SYNTHETIC_HARDSHIP_HIGH,HARDSHIP_REVIEW,PROMOTION_TARGET,1,1,0.2017596566523605,0.6517596566523605,0.13,,,,0.0,0.0,0.0,0.0
hardship_signal,hardship_00192,A,SYNTHETIC_HARDSHIP_LOW,STANDARD_ROUTING,STANDARD_TARGET,0,0,0.2017596566523605,0.6517596566523605,0.13,,,,0.0,0.0,0.0,0.0
hardship_signal,hardship_00192,B,SYNTHETIC_HARDSHIP_HIGH,HARDSHIP_REVIEW,STANDARD_TARGET,1,0,0.2017596566523605,0.6517596566523605,0.13,,,,0.0,0.0,0.0,0.0
hardship_signal,hardship_00193,A,SYNTHETIC_HARDSHIP_LOW,STANDARD_ROUTING,PROMOTION_TARGET,0,1,0.2017596566523605,0.6517596566523605,0.13,,,,0.0,0.0,0.0,0.0
hardship_signal,hardship_00193,B,SYNTHETIC_HARDSHIP_HIGH,STANDARD_ROUTING,PROMOTION_TARGET,0,1,0.2017596566523605,0.6517596566523605,0.13,,,,0.0,0.0,0.0,0.0
hardship_signal,hardship_00194,A,SYNTHETIC_HARDSHIP_LOW,STANDARD_ROUTING,STANDARD_TARGET,0,0,0.2017596566523605,0.6517596566523605,0.13,,,,0.0,0.0,0.0,0.0
hardship_signal,hardship_00194,B,SYNTHETIC_HARDSHIP_HIGH,HARDSHIP_REVIEW,STANDARD_TARGET,1,0,0.2017596566523605,0.6517596566523605,0.13,,,,0.0,0.0,0.0,0.0
hardship_signal,hardship_00195,A,SYNTHETIC_HARDSHIP_LOW,HARDSHIP_REVIEW,STANDARD_TARGET,1,0,0.2017596566523605,0.6517596566523605,0.13,,,,0.0,0.0,0.0,0.0
hardship_signal,hardship_00195,B,SYNTHETIC_HARDSHIP_HIGH,STANDARD_ROUTING,STANDARD_TARGET,0,0,0.2017596566523605,0.6517596566523605,0.13,,,,0.0,0.0,0.0,0.0
hardship_signal,hardship_00196,A,SYNTHETIC_HARDSHIP_LOW,STANDARD_ROUTING,STANDARD_TARGET,0,0,0.2017596566523605,0.6517596566523605,0.13,,,,0.0,0.0,0.0,0.0
hardship_signal,hardship_00196,B,SYNTHETIC_HARDSHIP_HIGH,HARDSHIP_REVIEW,STANDARD_TARGET,1,0,0.2017596566523605,0.6517596566523605,0.13,,,,0.0,0.0,0.0,0.0
hardship_signal,hardship_00197,A,SYNTHETIC_HARDSHIP_LOW,STANDARD_ROUTING,STANDARD_TARGET,0,0,0.2017596566523605,0.6517596566523605,0.13,,,,0.0,0.0,0.0,0.0
hardship_signal,hardship_00197,B,SYNTHETIC_HARDSHIP_HIGH,HARDSHIP_REVIEW,STANDARD_TARGET,1,0,0.2017596566523605,0.6517596566523605,0.13,,,,0.0,0.0,0.0,0.0
hardship_signal,hardship_00198,A,SYNTHETIC_HARDSHIP_LOW,STANDARD_ROUTING,STANDARD_TARGET,0,0,0.2017596566523605,0.6517596566523605,0.13,,,,0.0,0.0,0.0,0.0
hardship_signal,hardship_00198,B,SYNTHETIC_HARDSHIP_HIGH,STANDARD_ROUTING,STANDARD_TARGET,0,0,0.2017596566523605,0.6517596566523605,0.13,,,,0.0,0.0,0.0,0.0
hardship_signal,hardship_00199,A,SYNTHETIC_HARDSHIP_LOW,STANDARD_ROUTING,STANDARD_TARGET,0,0,0.2017596566523605,0.6517596566523605,0.13,,,,0.0,0.0,0.0,0.0
hardship_signal,hardship_00199,B,SYNTHETIC_HARDSHIP_HIGH,HARDSHIP_REVIEW,STANDARD_TARGET,1,0,0.2017596566523605,0.6517596566523605,0.13,,,,0.0,0.0,0.0,0.0
hardship_signal,hardship_00200,A,SYNTHETIC_HARDSHIP_LOW,STANDARD_ROUTING,STANDARD_TARGET,0,0,0.2017596566523605,0.6517596566523605,0.13,,,,0.0,0.0,0.0,0.0
hardship_signal,hardship_00200,B,SYNTHETIC_HARDSHIP_HIGH,HARDSHIP_REVIEW,STANDARD_TARGET,1,0,0.2017596566523605,0.6517596566523605,0.13,,,,0.0,0.0,0.0,0.0
hardship_signal,hardship_00201,A,SYNTHETIC_HARDSHIP_LOW,STANDARD_ROUTING,PROMOTION_TARGET,0,1,0.2017596566523605,0.6517596566523605,0.13,,,,0.0,0.0,0.0,0.0
hardship_signal,hardship_00201,B,SYNTHETIC_HARDSHIP_HIGH,HARDSHIP_REVIEW,PROMOTION_TARGET,1,1,0.2017596566523605,0.6517596566523605,0.13,,,,0.0,0.0,0.0,0.0
hardship_signal,hardship_00202,A,SYNTHETIC_HARDSHIP_LOW,STANDARD_ROUTING,PROMOTION_TARGET,0,1,0.5617596566523605,0.98,0.37,,,,0.6,1.0,0.0,0.0
hardship_signal,hardship_00202,B,SYNTHETIC_HARDSHIP_HIGH,HARDSHIP_REVIEW,PROMOTION_TARGET,1,1,0.5617596566523605,0.98,0.37,,,,0.6,1.0,0.0,0.0
hardship_signal,hardship_00203,A,SYNTHETIC_HARDSHIP_LOW,STANDARD_ROUTING,STANDARD_TARGET,0,0,0.2017596566523605,0.6517596566523605,0.13,,,,0.0,0.0,0.0,0.0
hardship_signal,hardship_00203,B,SYNTHETIC_HARDSHIP_HIGH,STANDARD_ROUTING,STANDARD_TARGET,0,0,0.2017596566523605,0.6517596566523605,0.13,,,,0.0,0.0,0.0,0.0
hardship_signal,hardship_00204,A,SYNTHETIC_HARDSHIP_LOW,STANDARD_ROUTING,STANDARD_TARGET,0,0,0.2017596566523605,0.6517596566523605,0.13,,,,0.0,0.0,0.0,0.0
hardship_signal,hardship_00204,B,SYNTHETIC_HARDSHIP_HIGH,STANDARD_ROUTING,STANDARD_TARGET,0,0,0.2017596566523605,0.6517596566523605,0.13,,,,0.0,0.0,0.0,0.0
hardship_signal,hardship_00205,A,SYNTHETIC_HARDSHIP_LOW,STANDARD_ROUTING,STANDARD_TARGET,0,0,0.2017596566523605,0.6517596566523605,0.13,,,,0.0,0.0,0.0,0.0
hardship_signal,hardship_00205,B,SYNTHETIC_HARDSHIP_HIGH,HARDSHIP_REVIEW,STANDARD_TARGET,1,0,0.2017596566523605,0.6517596566523605,0.13,,,,0.0,0.0,0.0,0.0
hardship_signal,hardship_00206,A,SYNTHETIC_HARDSHIP_LOW,STANDARD_ROUTING,STANDARD_TARGET,0,0,0.2017596566523605,0.6517596566523605,0.13,,,,0.0,0.0,0.0,0.0
hardship_signal,hardship_00206,B,SYNTHETIC_HARDSHIP_HIGH,STANDARD_ROUTING,STANDARD_TARGET,0,0,0.2017596566523605,0.6517596566523605,0.13,,,,0.0,0.0,0.0,0.0
hardship_signal,hardship_00207,A,SYNTHETIC_HARDSHIP_LOW,STANDARD_ROUTING,STANDARD_TARGET,0,0,0.2017596566523605,0.6517596566523605,0.13,,,,0.0,0.0,0.0,0.0
hardship_signal,hardship_00207,B,SYNTHETIC_HARDSHIP_HIGH,HARDSHIP_REVIEW,STANDARD_TARGET,1,0,0.2017596566523605,0.6517596566523605,0.13,,,,0.0,0.0,0.0,0.0
hardship_signal,hardship_00208,A,SYNTHETIC_HARDSHIP_LOW,HARDSHIP_REVIEW,STANDARD_TARGET,1,0,0.2017596566523605,0.6517596566523605,0.13,,,,0.0,0.0,0.0,0.0
hardship_signal,hardship_00208,B,SYNTHETIC_HARDSHIP_HIGH,HARDSHIP_REVIEW,STANDARD_TARGET,1,0,0.2017596566523605,0.6517596566523605,0.13,,,,0.0,0.0,0.0,0.0
hardship_signal,hardship_00209,A,SYNTHETIC_HARDSHIP_LOW,STANDARD_ROUTING,PROMOTION_TARGET,0,1,0.2017596566523605,0.6517596566523605,0.13,,,,0.0,0.0,0.0,0.0
hardship_signal,hardship_00209,B,SYNTHETIC_HARDSHIP_HIGH,STANDARD_ROUTING,PROMOTION_TARGET,0,1,0.2017596566523605,0.6517596566523605,0.13,,,,0.0,0.0,0.0,0.0
hardship_signal,hardship_00210,A,SYNTHETIC_HARDSHIP_LOW,STANDARD_ROUTING,STANDARD_TARGET,0,0,0.2017596566523605,0.6517596566523605,0.13,,,,0.0,0.0,0.0,0.0
hardship_signal,hardship_00210,B,SYNTHETIC_HARDSHIP_HIGH,STANDARD_ROUTING,STANDARD_TARGET,0,0,0.2017596566523605,0.6517596566523605,0.13,,,,0.0,0.0,0.0,0.0
hardship_signal,hardship_00211,A,SYNTHETIC_HARDSHIP_LOW,HARDSHIP_REVIEW,STANDARD_TARGET,1,0,0.2017596566523605,0.6517596566523605,0.13,,,,0.0,0.0,0.0,0.0
hardship_signal,hardship_00211,B,SYNTHETIC_HARDSHIP_HIGH,HARDSHIP_REVIEW,STANDARD_TARGET,1,0,0.2017596566523605,0.6517596566523605,0.13,,,,0.0,0.0,0.0,0.0
hardship_signal,hardship_00212,A,SYNTHETIC_HARDSHIP_LOW,HARDSHIP_REVIEW,STANDARD_TARGET,1,0,0.8017596566523605,0.98,0.53,,,,1.0,1.0,1.0,0.0
hardship_signal,hardship_00212,B,SYNTHETIC_HARDSHIP_HIGH,HARDSHIP_REVIEW,STANDARD_TARGET,1,0,0.8017596566523605,0.98,0.53,,,,1.0,1.0,1.0,0.0
hardship_signal,hardship_00213,A,SYNTHETIC_HARDSHIP_LOW,STANDARD_ROUTING,STANDARD_TARGET,0,0,0.2017596566523605,0.6517596566523605,0.13,,,,0.0,0.0,0.0,0.0
hardship_signal,hardship_00213,B,SYNTHETIC_HARDSHIP_HIGH,HARDSHIP_REVIEW,STANDARD_TARGET,1,0,0.2017596566523605,0.6517596566523605,0.13,,,,0.0,0.0,0.0,0.0
hardship_signal,hardship_00214,A,SYNTHETIC_HARDSHIP_LOW,STANDARD_ROUTING,STANDARD_TARGET,0,0,0.2017596566523605,0.6517596566523605,0.13,,,,0.0,0.0,0.0,0.0
hardship_signal,hardship_00214,B,SYNTHETIC_HARDSHIP_HIGH,STANDARD_ROUTING,STANDARD_TARGET,0,0,0.2017596566523605,0.6517596566523605,0.13,,,,0.0,0.0,0.0,0.0
hardship_signal,hardship_00215,A,SYNTHETIC_HARDSHIP_LOW,STANDARD_ROUTING,STANDARD_TARGET,0,0,0.2017596566523605,0.6517596566523605,0.13,,,,0.0,0.0,0.0,0.0
hardship_signal,hardship_00215,B,SYNTHETIC_HARDSHIP_HIGH,HARDSHIP_REVIEW,STANDARD_TARGET,1,0,0.2017596566523605,0.6517596566523605,0.13,,,,0.0,0.0,0.0,0.0
hardship_signal,hardship_00216,A,SYNTHETIC_HARDSHIP_LOW,STANDARD_ROUTING,STANDARD_TARGET,0,0,0.2017596566523605,0.6517596566523605,0.13,,,,0.0,0.0,0.0,0.0
hardship_signal,hardship_00216,B,SYNTHETIC_HARDSHIP_HIGH,HARDSHIP_REVIEW,STANDARD_TARGET,1,0,0.2017596566523605,0.6517596566523605,0.13,,,,0.0,0.0,0.0,0.0
hardship_signal,hardship_00217,A,SYNTHETIC_HARDSHIP_LOW,STANDARD_ROUTING,STANDARD_TARGET,0,0,0.2017596566523605,0.6517596566523605,0.13,,,,0.0,0.0,0.0,0.0
hardship_signal,hardship_00217,B,SYNTHETIC_HARDSHIP_HIGH,STANDARD_ROUTING,STANDARD_TARGET,0,0,0.2017596566523605,0.6517596566523605,0.13,,,,0.0,0.0,0.0,0.0
hardship_signal,hardship_00218,A,SYNTHETIC_HARDSHIP_LOW,STANDARD_ROUTING,STANDARD_TARGET,0,0,0.2017596566523605,0.6517596566523605,0.13,,,,0.0,0.0,0.0,0.0
hardship_signal,hardship_00218,B,SYNTHETIC_HARDSHIP_HIGH,HARDSHIP_REVIEW,STANDARD_TARGET,1,0,0.2017596566523605,0.6517596566523605,0.13,,,,0.0,0.0,0.0,0.0
hardship_signal,hardship_00219,A,SYNTHETIC_HARDSHIP_LOW,HARDSHIP_REVIEW,STANDARD_TARGET,1,0,0.2017596566523605,0.6517596566523605,0.13,,,,0.0,0.0,0.0,0.0
hardship_signal,hardship_00219,B,SYNTHETIC_HARDSHIP_HIGH,HARDSHIP_REVIEW,STANDARD_TARGET,1,0,0.2017596566523605,0.6517596566523605,0.13,,,,0.0,0.0,0.0,0.0
hardship_signal,hardship_00220,A,SYNTHETIC_HARDSHIP_LOW,STANDARD_ROUTING,STANDARD_TARGET,0,0,0.2017596566523605,0.6517596566523605,0.13,,,,0.0,0.0,0.0,0.0
hardship_signal,hardship_00220,B,SYNTHETIC_HARDSHIP_HIGH,HARDSHIP_REVIEW,STANDARD_TARGET,1,0,0.2017596566523605,0.6517596566523605,0.13,,,,0.0,0.0,0.0,0.0
hardship_signal,hardship_00221,A,SYNTHETIC_HARDSHIP_LOW,HARDSHIP_REVIEW,STANDARD_TARGET,1,0,0.2017596566523605,0.6517596566523605,0.13,,,,0.0,0.0,0.0,0.0
hardship_signal,hardship_00221,B,SYNTHETIC_HARDSHIP_HIGH,STANDARD_ROUTING,STANDARD_TARGET,0,0,0.2017596566523605,0.6517596566523605,0.13,,,,0.0,0.0,0.0,0.0
hardship_signal,hardship_00222,A,SYNTHETIC_HARDSHIP_LOW,STANDARD_ROUTING,PROMOTION_TARGET,0,1,0.2017596566523605,0.6517596566523605,0.13,,,,0.0,0.0,0.0,0.0
hardship_signal,hardship_00222,B,SYNTHETIC_HARDSHIP_HIGH,HARDSHIP_REVIEW,PROMOTION_TARGET,1,1,0.2017596566523605,0.6517596566523605,0.13,,,,0.0,0.0,0.0,0.0
hardship_signal,hardship_00223,A,SYNTHETIC_HARDSHIP_LOW,STANDARD_ROUTING,STANDARD_TARGET,0,0,0.2017596566523605,0.6517596566523605,0.13,,,,0.0,0.0,0.0,0.0
hardship_signal,hardship_00223,B,SYNTHETIC_HARDSHIP_HIGH,HARDSHIP_REVIEW,STANDARD_TARGET,1,0,0.2017596566523605,0.6517596566523605,0.13,,,,0.0,0.0,0.0,0.0
hardship_signal,hardship_00224,A,SYNTHETIC_HARDSHIP_LOW,HARDSHIP_REVIEW,STANDARD_TARGET,1,0,0.2017596566523605,0.6517596566523605,0.13,,,,0.0,0.0,0.0,0.0
hardship_signal,hardship_00224,B,SYNTHETIC_HARDSHIP_HIGH,HARDSHIP_REVIEW,STANDARD_TARGET,1,0,0.2017596566523605,0.6517596566523605,0.13,,,,0.0,0.0,0.0,0.0
hardship_signal,hardship_00225,A,SYNTHETIC_HARDSHIP_LOW,STANDARD_ROUTING,STANDARD_TARGET,0,0,0.2017596566523605,0.6517596566523605,0.13,,,,0.0,0.0,0.0,0.0
hardship_signal,hardship_00225,B,SYNTHETIC_HARDSHIP_HIGH,HARDSHIP_REVIEW,STANDARD_TARGET,1,0,0.2017596566523605,0.6517596566523605,0.13,,,,0.0,0.0,0.0,0.0
hardship_signal,hardship_00226,A,SYNTHETIC_HARDSHIP_LOW,STANDARD_ROUTING,STANDARD_TARGET,0,0,0.2017596566523605,0.6517596566523605,0.13,,,,0.0,0.0,0.0,0.0
hardship_signal,hardship_00226,B,SYNTHETIC_HARDSHIP_HIGH,HARDSHIP_REVIEW,STANDARD_TARGET,1,0,0.2017596566523605,0.6517596566523605,0.13,,,,0.0,0.0,0.0,0.0
hardship_signal,hardship_00227,A,SYNTHETIC_HARDSHIP_LOW,HARDSHIP_REVIEW,PROMOTION_TARGET,1,1,0.2017596566523605,0.6517596566523605,0.13,,,,0.0,0.0,0.0,0.0
hardship_signal,hardship_00227,B,SYNTHETIC_HARDSHIP_HIGH,STANDARD_ROUTING,PROMOTION_TARGET,0,1,0.2017596566523605,0.6517596566523605,0.13,,,,0.0,0.0,0.0,0.0
hardship_signal,hardship_00228,A,SYNTHETIC_HARDSHIP_LOW,HARDSHIP_REVIEW,STANDARD_TARGET,1,0,0.2017596566523605,0.6517596566523605,0.13,,,,0.0,0.0,0.0,0.0
hardship_signal,hardship_00228,B,SYNTHETIC_HARDSHIP_HIGH,STANDARD_ROUTING,STANDARD_TARGET,0,0,0.2017596566523605,0.6517596566523605,0.13,,,,0.0,0.0,0.0,0.0
hardship_signal,hardship_00229,A,SYNTHETIC_HARDSHIP_LOW,STANDARD_ROUTING,PROMOTION_TARGET,0,1,0.2017596566523605,0.6517596566523605,0.13,,,,0.0,0.0,0.0,0.0
hardship_signal,hardship_00229,B,SYNTHETIC_HARDSHIP_HIGH,HARDSHIP_REVIEW,PROMOTION_TARGET,1,1,0.2017596566523605,0.6517596566523605,0.13,,,,0.0,0.0,0.0,0.0
hardship_signal,hardship_00230,A,SYNTHETIC_HARDSHIP_LOW,STANDARD_ROUTING,STANDARD_TARGET,0,0,0.2017596566523605,0.6517596566523605,0.13,,,,0.0,0.0,0.0,0.0
hardship_signal,hardship_00230,B,SYNTHETIC_HARDSHIP_HIGH,HARDSHIP_REVIEW,STANDARD_TARGET,1,0,0.2017596566523605,0.6517596566523605,0.13,,,,0.0,0.0,0.0,0.0
hardship_signal,hardship_00231,A,SYNTHETIC_HARDSHIP_LOW,HARDSHIP_REVIEW,STANDARD_TARGET,1,0,0.2017596566523605,0.6517596566523605,0.13,,,,0.0,0.0,0.0,0.0
hardship_signal,hardship_00231,B,SYNTHETIC_HARDSHIP_HIGH,STANDARD_ROUTING,STANDARD_TARGET,0,0,0.2017596566523605,0.6517596566523605,0.13,,,,0.0,0.0,0.0,0.0
hardship_signal,hardship_00232,A,SYNTHETIC_HARDSHIP_LOW,STANDARD_ROUTING,STANDARD_TARGET,0,0,0.2017596566523605,0.6517596566523605,0.13,,,,0.0,0.0,0.0,0.0
hardship_signal,hardship_00232,B,SYNTHETIC_HARDSHIP_HIGH,STANDARD_ROUTING,STANDARD_TARGET,0,0,0.2017596566523605,0.6517596566523605,0.13,,,,0.0,0.0,0.0,0.0
hardship_signal,hardship_00233,A,SYNTHETIC_HARDSHIP_LOW,STANDARD_ROUTING,STANDARD_TARGET,0,0,0.2017596566523605,0.6517596566523605,0.13,,,,0.0,0.0,0.0,0.0
hardship_signal,hardship_00233,B,SYNTHETIC_HARDSHIP_HIGH,STANDARD_ROUTING,STANDARD_TARGET,0,0,0.2017596566523605,0.6517596566523605,0.13,,,,0.0,0.0,0.0,0.0
hardship_signal,hardship_00234,A,SYNTHETIC_HARDSHIP_LOW,HARDSHIP_REVIEW,STANDARD_TARGET,1,0,0.8017596566523605,0.98,0.53,,,,1.0,1.0,1.0,0.0
hardship_signal,hardship_00234,B,SYNTHETIC_HARDSHIP_HIGH,HARDSHIP_REVIEW,STANDARD_TARGET,1,0,0.8017596566523605,0.98,0.53,,,,1.0,1.0,1.0,0.0
hardship_signal,hardship_00235,A,SYNTHETIC_HARDSHIP_LOW,STANDARD_ROUTING,PROMOTION_TARGET,0,1,0.2017596566523605,0.6517596566523605,0.13,,,,0.0,0.0,0.0,0.0
hardship_signal,hardship_00235,B,SYNTHETIC_HARDSHIP_HIGH,STANDARD_ROUTING,PROMOTION_TARGET,0,1,0.2017596566523605,0.6517596566523605,0.13,,,,0.0,0.0,0.0,0.0
hardship_signal,hardship_00236,A,SYNTHETIC_HARDSHIP_LOW,STANDARD_ROUTING,PROMOTION_TARGET,0,1,0.2017596566523605,0.6517596566523605,0.13,,,,0.0,0.0,0.0,0.0
hardship_signal,hardship_00236,B,SYNTHETIC_HARDSHIP_HIGH,STANDARD_ROUTING,PROMOTION_TARGET,0,1,0.2017596566523605,0.6517596566523605,0.13,,,,0.0,0.0,0.0,0.0
hardship_signal,hardship_00237,A,SYNTHETIC_HARDSHIP_LOW,STANDARD_ROUTING,STANDARD_TARGET,0,0,0.5617596566523605,0.98,0.37,,,,0.6,1.0,0.0,0.0
hardship_signal,hardship_00237,B,SYNTHETIC_HARDSHIP_HIGH,HARDSHIP_REVIEW,STANDARD_TARGET,1,0,0.5617596566523605,0.98,0.37,,,,0.6,1.0,0.0,0.0
hardship_signal,hardship_00238,A,SYNTHETIC_HARDSHIP_LOW,STANDARD_ROUTING,PROMOTION_TARGET,0,1,0.2017596566523605,0.6517596566523605,0.13,,,,0.0,0.0,0.0,0.0
hardship_signal,hardship_00238,B,SYNTHETIC_HARDSHIP_HIGH,HARDSHIP_REVIEW,PROMOTION_TARGET,1,1,0.2017596566523605,0.6517596566523605,0.13,,,,0.0,0.0,0.0,0.0
hardship_signal,hardship_00239,A,SYNTHETIC_HARDSHIP_LOW,STANDARD_ROUTING,PROMOTION_TARGET,0,1,0.2017596566523605,0.6517596566523605,0.13,,,,0.0,0.0,0.0,0.0
hardship_signal,hardship_00239,B,SYNTHETIC_HARDSHIP_HIGH,HARDSHIP_REVIEW,PROMOTION_TARGET,1,1,0.2017596566523605,0.6517596566523605,0.13,,,,0.0,0.0,0.0,0.0
hardship_signal,hardship_00240,A,SYNTHETIC_HARDSHIP_LOW,STANDARD_ROUTING,STANDARD_TARGET,0,0,0.2017596566523605,0.6517596566523605,0.13,,,,0.0,0.0,0.0,0.0
hardship_signal,hardship_00240,B,SYNTHETIC_HARDSHIP_HIGH,HARDSHIP_REVIEW,STANDARD_TARGET,1,0,0.2017596566523605,0.6517596566523605,0.13,,,,0.0,0.0,0.0,0.0
hardship_signal,hardship_00241,A,SYNTHETIC_HARDSHIP_LOW,STANDARD_ROUTING,STANDARD_TARGET,0,0,0.2017596566523605,0.6517596566523605,0.13,,,,0.0,0.0,0.0,0.0
hardship_signal,hardship_00241,B,SYNTHETIC_HARDSHIP_HIGH,HARDSHIP_REVIEW,STANDARD_TARGET,1,0,0.2017596566523605,0.6517596566523605,0.13,,,,0.0,0.0,0.0,0.0
hardship_signal,hardship_00242,A,SYNTHETIC_HARDSHIP_LOW,HARDSHIP_REVIEW,STANDARD_TARGET,1,0,0.2017596566523605,0.6517596566523605,0.13,,,,0.0,0.0,0.0,0.0
hardship_signal,hardship_00242,B,SYNTHETIC_HARDSHIP_HIGH,HARDSHIP_REVIEW,STANDARD_TARGET,1,0,0.2017596566523605,0.6517596566523605,0.13,,,,0.0,0.0,0.0,0.0
hardship_signal,hardship_00243,A,SYNTHETIC_HARDSHIP_LOW,HARDSHIP_REVIEW,STANDARD_TARGET,1,0,0.2017596566523605,0.6517596566523605,0.13,,,,0.0,0.0,0.0,0.0
hardship_signal,hardship_00243,B,SYNTHETIC_HARDSHIP_HIGH,HARDSHIP_REVIEW,STANDARD_TARGET,1,0,0.2017596566523605,0.6517596566523605,0.13,,,,0.0,0.0,0.0,0.0
hardship_signal,hardship_00244,A,SYNTHETIC_HARDSHIP_LOW,STANDARD_ROUTING,STANDARD_TARGET,0,0,0.2017596566523605,0.6517596566523605,0.13,,,,0.0,0.0,0.0,0.0
hardship_signal,hardship_00244,B,SYNTHETIC_HARDSHIP_HIGH,HARDSHIP_REVIEW,STANDARD_TARGET,1,0,0.2017596566523605,0.6517596566523605,0.13,,,,0.0,0.0,0.0,0.0
hardship_signal,hardship_00245,A,SYNTHETIC_HARDSHIP_LOW,STANDARD_ROUTING,STANDARD_TARGET,0,0,0.2017596566523605,0.6517596566523605,0.13,,,,0.0,0.0,0.0,0.0
hardship_signal,hardship_00245,B,SYNTHETIC_HARDSHIP_HIGH,HARDSHIP_REVIEW,STANDARD_TARGET,1,0,0.2017596566523605,0.6517596566523605,0.13,,,,0.0,0.0,0.0,0.0
hardship_signal,hardship_00246,A,SYNTHETIC_HARDSHIP_LOW,STANDARD_ROUTING,STANDARD_TARGET,0,0,0.2017596566523605,0.6517596566523605,0.13,,,,0.0,0.0,0.0,0.0
hardship_signal,hardship_00246,B,SYNTHETIC_HARDSHIP_HIGH,HARDSHIP_REVIEW,STANDARD_TARGET,1,0,0.2017596566523605,0.6517596566523605,0.13,,,,0.0,0.0,0.0,0.0
hardship_signal,hardship_00247,A,SYNTHETIC_HARDSHIP_LOW,HARDSHIP_REVIEW,STANDARD_TARGET,1,0,0.2017596566523605,0.6517596566523605,0.13,,,,0.0,0.0,0.0,0.0
hardship_signal,hardship_00247,B,SYNTHETIC_HARDSHIP_HIGH,HARDSHIP_REVIEW,STANDARD_TARGET,1,0,0.2017596566523605,0.6517596566523605,0.13,,,,0.0,0.0,0.0,0.0
hardship_signal,hardship_00248,A,SYNTHETIC_HARDSHIP_LOW,HARDSHIP_REVIEW,PROMOTION_TARGET,1,1,0.5617596566523605,0.98,0.37,,,,0.6,1.0,0.0,0.0
hardship_signal,hardship_00248,B,SYNTHETIC_HARDSHIP_HIGH,HARDSHIP_REVIEW,PROMOTION_TARGET,1,1,0.5617596566523605,0.98,0.37,,,,0.6,1.0,0.0,0.0
hardship_signal,hardship_00249,A,SYNTHETIC_HARDSHIP_LOW,HARDSHIP_REVIEW,STANDARD_TARGET,1,0,0.2017596566523605,0.6517596566523605,0.13,,,,0.0,0.0,0.0,0.0
hardship_signal,hardship_00249,B,SYNTHETIC_HARDSHIP_HIGH,STANDARD_ROUTING,STANDARD_TARGET,0,0,0.2017596566523605,0.6517596566523605,0.13,,,,0.0,0.0,0.0,0.0
hardship_signal,hardship_00250,A,SYNTHETIC_HARDSHIP_LOW,STANDARD_ROUTING,STANDARD_TARGET,0,0,0.2017596566523605,0.6517596566523605,0.13,,,,0.0,0.0,0.0,0.0
hardship_signal,hardship_00250,B,SYNTHETIC_HARDSHIP_HIGH,HARDSHIP_REVIEW,STANDARD_TARGET,1,0,0.2017596566523605,0.6517596566523605,0.13,,,,0.0,0.0,0.0,0.0
hardship_signal,hardship_00251,A,SYNTHETIC_HARDSHIP_LOW,HARDSHIP_REVIEW,STANDARD_TARGET,1,0,0.2017596566523605,0.6517596566523605,0.13,,,,0.0,0.0,0.0,0.0
hardship_signal,hardship_00251,B,SYNTHETIC_HARDSHIP_HIGH,STANDARD_ROUTING,STANDARD_TARGET,0,0,0.2017596566523605,0.6517596566523605,0.13,,,,0.0,0.0,0.0,0.0
hardship_signal,hardship_00252,A,SYNTHETIC_HARDSHIP_LOW,STANDARD_ROUTING,STANDARD_TARGET,0,0,0.2017596566523605,0.6517596566523605,0.13,,,,0.0,0.0,0.0,0.0
hardship_signal,hardship_00252,B,SYNTHETIC_HARDSHIP_HIGH,STANDARD_ROUTING,STANDARD_TARGET,0,0,0.2017596566523605,0.6517596566523605,0.13,,,,0.0,0.0,0.0,0.0
hardship_signal,hardship_00253,A,SYNTHETIC_HARDSHIP_LOW,STANDARD_ROUTING,STANDARD_TARGET,0,0,0.5617596566523605,0.98,0.37,,,,0.6,1.0,0.0,0.0
hardship_signal,hardship_00253,B,SYNTHETIC_HARDSHIP_HIGH,HARDSHIP_REVIEW,STANDARD_TARGET,1,0,0.5617596566523605,0.98,0.37,,,,0.6,1.0,0.0,0.0
hardship_signal,hardship_00254,A,SYNTHETIC_HARDSHIP_LOW,STANDARD_ROUTING,PROMOTION_TARGET,0,1,0.2017596566523605,0.6517596566523605,0.13,,,,0.0,0.0,0.0,0.0
hardship_signal,hardship_00254,B,SYNTHETIC_HARDSHIP_HIGH,STANDARD_ROUTING,PROMOTION_TARGET,0,1,0.2017596566523605,0.6517596566523605,0.13,,,,0.0,0.0,0.0,0.0
hardship_signal,hardship_00255,A,SYNTHETIC_HARDSHIP_LOW,STANDARD_ROUTING,STANDARD_TARGET,0,0,0.2017596566523605,0.6517596566523605,0.13,,,,0.0,0.0,0.0,0.0
hardship_signal,hardship_00255,B,SYNTHETIC_HARDSHIP_HIGH,STANDARD_ROUTING,STANDARD_TARGET,0,0,0.2017596566523605,0.6517596566523605,0.13,,,,0.0,0.0,0.0,0.0
hardship_signal,hardship_00256,A,SYNTHETIC_HARDSHIP_LOW,STANDARD_ROUTING,STANDARD_TARGET,0,0,0.2017596566523605,0.6517596566523605,0.13,,,,0.0,0.0,0.0,0.0
hardship_signal,hardship_00256,B,SYNTHETIC_HARDSHIP_HIGH,STANDARD_ROUTING,STANDARD_TARGET,0,0,0.2017596566523605,0.6517596566523605,0.13,,,,0.0,0.0,0.0,0.0
hardship_signal,hardship_00257,A,SYNTHETIC_HARDSHIP_LOW,STANDARD_ROUTING,STANDARD_TARGET,0,0,0.2017596566523605,0.6517596566523605,0.13,,,,0.0,0.0,0.0,0.0
hardship_signal,hardship_00257,B,SYNTHETIC_HARDSHIP_HIGH,STANDARD_ROUTING,STANDARD_TARGET,0,0,0.2017596566523605,0.6517596566523605,0.13,,,,0.0,0.0,0.0,0.0
hardship_signal,hardship_00258,A,SYNTHETIC_HARDSHIP_LOW,STANDARD_ROUTING,STANDARD_TARGET,0,0,0.2017596566523605,0.6517596566523605,0.13,,,,0.0,0.0,0.0,0.0
hardship_signal,hardship_00258,B,SYNTHETIC_HARDSHIP_HIGH,HARDSHIP_REVIEW,STANDARD_TARGET,1,0,0.2017596566523605,0.6517596566523605,0.13,,,,0.0,0.0,0.0,0.0
hardship_signal,hardship_00259,A,SYNTHETIC_HARDSHIP_LOW,STANDARD_ROUTING,STANDARD_TARGET,0,0,0.2017596566523605,0.6517596566523605,0.13,,,,0.0,0.0,0.0,0.0
hardship_signal,hardship_00259,B,SYNTHETIC_HARDSHIP_HIGH,HARDSHIP_REVIEW,STANDARD_TARGET,1,0,0.2017596566523605,0.6517596566523605,0.13,,,,0.0,0.0,0.0,0.0
hardship_signal,hardship_00260,A,SYNTHETIC_HARDSHIP_LOW,STANDARD_ROUTING,STANDARD_TARGET,0,0,0.2017596566523605,0.6517596566523605,0.13,,,,0.0,0.0,0.0,0.0
hardship_signal,hardship_00260,B,SYNTHETIC_HARDSHIP_HIGH,STANDARD_ROUTING,STANDARD_TARGET,0,0,0.2017596566523605,0.6517596566523605,0.13,,,,0.0,0.0,0.0,0.0
hardship_signal,hardship_00261,A,SYNTHETIC_HARDSHIP_LOW,STANDARD_ROUTING,STANDARD_TARGET,0,0,0.2017596566523605,0.6517596566523605,0.13,,,,0.0,0.0,0.0,0.0
hardship_signal,hardship_00261,B,SYNTHETIC_HARDSHIP_HIGH,HARDSHIP_REVIEW,STANDARD_TARGET,1,0,0.2017596566523605,0.6517596566523605,0.13,,,,0.0,0.0,0.0,0.0
hardship_signal,hardship_00262,A,SYNTHETIC_HARDSHIP_LOW,STANDARD_ROUTING,PROMOTION_TARGET,0,1,0.2017596566523605,0.6517596566523605,0.13,,,,0.0,0.0,0.0,0.0
hardship_signal,hardship_00262,B,SYNTHETIC_HARDSHIP_HIGH,HARDSHIP_REVIEW,PROMOTION_TARGET,1,1,0.2017596566523605,0.6517596566523605,0.13,,,,0.0,0.0,0.0,0.0
hardship_signal,hardship_00263,A,SYNTHETIC_HARDSHIP_LOW,STANDARD_ROUTING,STANDARD_TARGET,0,0,0.2017596566523605,0.6517596566523605,0.13,,,,0.0,0.0,0.0,0.0
hardship_signal,hardship_00263,B,SYNTHETIC_HARDSHIP_HIGH,HARDSHIP_REVIEW,STANDARD_TARGET,1,0,0.2017596566523605,0.6517596566523605,0.13,,,,0.0,0.0,0.0,0.0
hardship_signal,hardship_00264,A,SYNTHETIC_HARDSHIP_LOW,STANDARD_ROUTING,PROMOTION_TARGET,0,1,0.2017596566523605,0.6517596566523605,0.13,,,,0.0,0.0,0.0,0.0
hardship_signal,hardship_00264,B,SYNTHETIC_HARDSHIP_HIGH,HARDSHIP_REVIEW,PROMOTION_TARGET,1,1,0.2017596566523605,0.6517596566523605,0.13,,,,0.0,0.0,0.0,0.0
hardship_signal,hardship_00265,A,SYNTHETIC_HARDSHIP_LOW,STANDARD_ROUTING,STANDARD_TARGET,0,0,0.2017596566523605,0.6517596566523605,0.13,,,,0.0,0.0,0.0,0.0
hardship_signal,hardship_00265,B,SYNTHETIC_HARDSHIP_HIGH,HARDSHIP_REVIEW,STANDARD_TARGET,1,0,0.2017596566523605,0.6517596566523605,0.13,,,,0.0,0.0,0.0,0.0
hardship_signal,hardship_00266,A,SYNTHETIC_HARDSHIP_LOW,STANDARD_ROUTING,PROMOTION_TARGET,0,1,0.2017596566523605,0.6517596566523605,0.13,,,,0.0,0.0,0.0,0.0
hardship_signal,hardship_00266,B,SYNTHETIC_HARDSHIP_HIGH,HARDSHIP_REVIEW,PROMOTION_TARGET,1,1,0.2017596566523605,0.6517596566523605,0.13,,,,0.0,0.0,0.0,0.0
hardship_signal,hardship_00267,A,SYNTHETIC_HARDSHIP_LOW,HARDSHIP_REVIEW,STANDARD_TARGET,1,0,0.5617596566523605,0.98,0.37,,,,0.6,1.0,0.0,0.0
hardship_signal,hardship_00267,B,SYNTHETIC_HARDSHIP_HIGH,HARDSHIP_REVIEW,STANDARD_TARGET,1,0,0.5617596566523605,0.98,0.37,,,,0.6,1.0,0.0,0.0
hardship_signal,hardship_00268,A,SYNTHETIC_HARDSHIP_LOW,STANDARD_ROUTING,STANDARD_TARGET,0,0,0.5617596566523605,0.98,0.37,,,,0.6,1.0,0.0,0.0
hardship_signal,hardship_00268,B,SYNTHETIC_HARDSHIP_HIGH,HARDSHIP_REVIEW,STANDARD_TARGET,1,0,0.5617596566523605,0.98,0.37,,,,0.6,1.0,0.0,0.0
hardship_signal,hardship_00269,A,SYNTHETIC_HARDSHIP_LOW,HARDSHIP_REVIEW,STANDARD_TARGET,1,0,0.2017596566523605,0.6517596566523605,0.13,,,,0.0,0.0,0.0,0.0
hardship_signal,hardship_00269,B,SYNTHETIC_HARDSHIP_HIGH,HARDSHIP_REVIEW,STANDARD_TARGET,1,0,0.2017596566523605,0.6517596566523605,0.13,,,,0.0,0.0,0.0,0.0
hardship_signal,hardship_00270,A,SYNTHETIC_HARDSHIP_LOW,HARDSHIP_REVIEW,STANDARD_TARGET,1,0,0.2017596566523605,0.6517596566523605,0.13,,,,0.0,0.0,0.0,0.0
hardship_signal,hardship_00270,B,SYNTHETIC_HARDSHIP_HIGH,STANDARD_ROUTING,STANDARD_TARGET,0,0,0.2017596566523605,0.6517596566523605,0.13,,,,0.0,0.0,0.0,0.0
hardship_signal,hardship_00271,A,SYNTHETIC_HARDSHIP_LOW,STANDARD_ROUTING,STANDARD_TARGET,0,0,0.2017596566523605,0.6517596566523605,0.13,,,,0.0,0.0,0.0,0.0
hardship_signal,hardship_00271,B,SYNTHETIC_HARDSHIP_HIGH,HARDSHIP_REVIEW,STANDARD_TARGET,1,0,0.2017596566523605,0.6517596566523605,0.13,,,,0.0,0.0,0.0,0.0
hardship_signal,hardship_00272,A,SYNTHETIC_HARDSHIP_LOW,HARDSHIP_REVIEW,PROMOTION_TARGET,1,1,0.5617596566523605,0.98,0.37,,,,0.6,1.0,0.0,0.0
hardship_signal,hardship_00272,B,SYNTHETIC_HARDSHIP_HIGH,HARDSHIP_REVIEW,PROMOTION_TARGET,1,1,0.5617596566523605,0.98,0.37,,,,0.6,1.0,0.0,0.0
hardship_signal,hardship_00273,A,SYNTHETIC_HARDSHIP_LOW,STANDARD_ROUTING,PROMOTION_TARGET,0,1,0.5617596566523605,0.98,0.37,,,,0.6,1.0,0.0,0.0
hardship_signal,hardship_00273,B,SYNTHETIC_HARDSHIP_HIGH,HARDSHIP_REVIEW,PROMOTION_TARGET,1,1,0.5617596566523605,0.98,0.37,,,,0.6,1.0,0.0,0.0
hardship_signal,hardship_00274,A,SYNTHETIC_HARDSHIP_LOW,STANDARD_ROUTING,STANDARD_TARGET,0,0,0.2017596566523605,0.6517596566523605,0.13,,,,0.0,0.0,0.0,0.0
hardship_signal,hardship_00274,B,SYNTHETIC_HARDSHIP_HIGH,HARDSHIP_REVIEW,STANDARD_TARGET,1,0,0.2017596566523605,0.6517596566523605,0.13,,,,0.0,0.0,0.0,0.0
hardship_signal,hardship_00275,A,SYNTHETIC_HARDSHIP_LOW,STANDARD_ROUTING,STANDARD_TARGET,0,0,0.2017596566523605,0.6517596566523605,0.13,,,,0.0,0.0,0.0,0.0
hardship_signal,hardship_00275,B,SYNTHETIC_HARDSHIP_HIGH,HARDSHIP_REVIEW,STANDARD_TARGET,1,0,0.2017596566523605,0.6517596566523605,0.13,,,,0.0,0.0,0.0,0.0
hardship_signal,hardship_00276,A,SYNTHETIC_HARDSHIP_LOW,STANDARD_ROUTING,PROMOTION_TARGET,0,1,0.2017596566523605,0.6517596566523605,0.13,,,,0.0,0.0,0.0,0.0
hardship_signal,hardship_00276,B,SYNTHETIC_HARDSHIP_HIGH,HARDSHIP_REVIEW,PROMOTION_TARGET,1,1,0.2017596566523605,0.6517596566523605,0.13,,,,0.0,0.0,0.0,0.0
hardship_signal,hardship_00277,A,SYNTHETIC_HARDSHIP_LOW,STANDARD_ROUTING,STANDARD_TARGET,0,0,0.2017596566523605,0.6517596566523605,0.13,,,,0.0,0.0,0.0,0.0
hardship_signal,hardship_00277,B,SYNTHETIC_HARDSHIP_HIGH,HARDSHIP_REVIEW,STANDARD_TARGET,1,0,0.2017596566523605,0.6517596566523605,0.13,,,,0.0,0.0,0.0,0.0
hardship_signal,hardship_00278,A,SYNTHETIC_HARDSHIP_LOW,STANDARD_ROUTING,STANDARD_TARGET,0,0,0.2017596566523605,0.6517596566523605,0.13,,,,0.0,0.0,0.0,0.0
hardship_signal,hardship_00278,B,SYNTHETIC_HARDSHIP_HIGH,HARDSHIP_REVIEW,STANDARD_TARGET,1,0,0.2017596566523605,0.6517596566523605,0.13,,,,0.0,0.0,0.0,0.0
hardship_signal,hardship_00279,A,SYNTHETIC_HARDSHIP_LOW,STANDARD_ROUTING,PROMOTION_TARGET,0,1,0.2017596566523605,0.6517596566523605,0.13,,,,0.0,0.0,0.0,0.0
hardship_signal,hardship_00279,B,SYNTHETIC_HARDSHIP_HIGH,HARDSHIP_REVIEW,PROMOTION_TARGET,1,1,0.2017596566523605,0.6517596566523605,0.13,,,,0.0,0.0,0.0,0.0
hardship_signal,hardship_00280,A,SYNTHETIC_HARDSHIP_LOW,STANDARD_ROUTING,PROMOTION_TARGET,0,1,0.2017596566523605,0.6517596566523605,0.13,,,,0.0,0.0,0.0,0.0
hardship_signal,hardship_00280,B,SYNTHETIC_HARDSHIP_HIGH,HARDSHIP_REVIEW,PROMOTION_TARGET,1,1,0.2017596566523605,0.6517596566523605,0.13,,,,0.0,0.0,0.0,0.0
hardship_signal,hardship_00281,A,SYNTHETIC_HARDSHIP_LOW,STANDARD_ROUTING,STANDARD_TARGET,0,0,0.2017596566523605,0.6517596566523605,0.13,,,,0.0,0.0,0.0,0.0
hardship_signal,hardship_00281,B,SYNTHETIC_HARDSHIP_HIGH,STANDARD_ROUTING,STANDARD_TARGET,0,0,0.2017596566523605,0.6517596566523605,0.13,,,,0.0,0.0,0.0,0.0
hardship_signal,hardship_00282,A,SYNTHETIC_HARDSHIP_LOW,STANDARD_ROUTING,STANDARD_TARGET,0,0,0.2017596566523605,0.6517596566523605,0.13,,,,0.0,0.0,0.0,0.0
hardship_signal,hardship_00282,B,SYNTHETIC_HARDSHIP_HIGH,HARDSHIP_REVIEW,STANDARD_TARGET,1,0,0.2017596566523605,0.6517596566523605,0.13,,,,0.0,0.0,0.0,0.0
hardship_signal,hardship_00283,A,SYNTHETIC_HARDSHIP_LOW,STANDARD_ROUTING,STANDARD_TARGET,0,0,0.2017596566523605,0.6517596566523605,0.13,,,,0.0,0.0,0.0,0.0
hardship_signal,hardship_00283,B,SYNTHETIC_HARDSHIP_HIGH,STANDARD_ROUTING,STANDARD_TARGET,0,0,0.2017596566523605,0.6517596566523605,0.13,,,,0.0,0.0,0.0,0.0
hardship_signal,hardship_00284,A,SYNTHETIC_HARDSHIP_LOW,STANDARD_ROUTING,PROMOTION_TARGET,0,1,0.2017596566523605,0.6517596566523605,0.13,,,,0.0,0.0,0.0,0.0
hardship_signal,hardship_00284,B,SYNTHETIC_HARDSHIP_HIGH,HARDSHIP_REVIEW,PROMOTION_TARGET,1,1,0.2017596566523605,0.6517596566523605,0.13,,,,0.0,0.0,0.0,0.0
hardship_signal,hardship_00285,A,SYNTHETIC_HARDSHIP_LOW,STANDARD_ROUTING,PROMOTION_TARGET,0,1,0.2017596566523605,0.6517596566523605,0.13,,,,0.0,0.0,0.0,0.0
hardship_signal,hardship_00285,B,SYNTHETIC_HARDSHIP_HIGH,STANDARD_ROUTING,PROMOTION_TARGET,0,1,0.2017596566523605,0.6517596566523605,0.13,,,,0.0,0.0,0.0,0.0
hardship_signal,hardship_00286,A,SYNTHETIC_HARDSHIP_LOW,STANDARD_ROUTING,STANDARD_TARGET,0,0,0.2017596566523605,0.6517596566523605,0.13,,,,0.0,0.0,0.0,0.0
hardship_signal,hardship_00286,B,SYNTHETIC_HARDSHIP_HIGH,STANDARD_ROUTING,STANDARD_TARGET,0,0,0.2017596566523605,0.6517596566523605,0.13,,,,0.0,0.0,0.0,0.0
hardship_signal,hardship_00287,A,SYNTHETIC_HARDSHIP_LOW,HARDSHIP_REVIEW,STANDARD_TARGET,1,0,0.2017596566523605,0.6517596566523605,0.13,,,,0.0,0.0,0.0,0.0
hardship_signal,hardship_00287,B,SYNTHETIC_HARDSHIP_HIGH,STANDARD_ROUTING,STANDARD_TARGET,0,0,0.2017596566523605,0.6517596566523605,0.13,,,,0.0,0.0,0.0,0.0
hardship_signal,hardship_00288,A,SYNTHETIC_HARDSHIP_LOW,STANDARD_ROUTING,STANDARD_TARGET,0,0,0.2017596566523605,0.6517596566523605,0.13,,,,0.0,0.0,0.0,0.0
hardship_signal,hardship_00288,B,SYNTHETIC_HARDSHIP_HIGH,HARDSHIP_REVIEW,STANDARD_TARGET,1,0,0.2017596566523605,0.6517596566523605,0.13,,,,0.0,0.0,0.0,0.0
hardship_signal,hardship_00289,A,SYNTHETIC_HARDSHIP_LOW,HARDSHIP_REVIEW,STANDARD_TARGET,1,0,0.2017596566523605,0.6517596566523605,0.13,,,,0.0,0.0,0.0,0.0
hardship_signal,hardship_00289,B,SYNTHETIC_HARDSHIP_HIGH,HARDSHIP_REVIEW,STANDARD_TARGET,1,0,0.2017596566523605,0.6517596566523605,0.13,,,,0.0,0.0,0.0,0.0
hardship_signal,hardship_00290,A,SYNTHETIC_HARDSHIP_LOW,STANDARD_ROUTING,PROMOTION_TARGET,0,1,0.2017596566523605,0.6517596566523605,0.13,,,,0.0,0.0,0.0,0.0
hardship_signal,hardship_00290,B,SYNTHETIC_HARDSHIP_HIGH,HARDSHIP_REVIEW,PROMOTION_TARGET,1,1,0.2017596566523605,0.6517596566523605,0.13,,,,0.0,0.0,0.0,0.0
hardship_signal,hardship_00291,A,SYNTHETIC_HARDSHIP_LOW,STANDARD_ROUTING,STANDARD_TARGET,0,0,0.2017596566523605,0.6517596566523605,0.13,,,,0.0,0.0,0.0,0.0
hardship_signal,hardship_00291,B,SYNTHETIC_HARDSHIP_HIGH,HARDSHIP_REVIEW,STANDARD_TARGET,1,0,0.2017596566523605,0.6517596566523605,0.13,,,,0.0,0.0,0.0,0.0
hardship_signal,hardship_00292,A,SYNTHETIC_HARDSHIP_LOW,HARDSHIP_REVIEW,PROMOTION_TARGET,1,1,0.2017596566523605,0.6517596566523605,0.13,,,,0.0,0.0,0.0,0.0
hardship_signal,hardship_00292,B,SYNTHETIC_HARDSHIP_HIGH,HARDSHIP_REVIEW,PROMOTION_TARGET,1,1,0.2017596566523605,0.6517596566523605,0.13,,,,0.0,0.0,0.0,0.0
hardship_signal,hardship_00293,A,SYNTHETIC_HARDSHIP_LOW,HARDSHIP_REVIEW,STANDARD_TARGET,1,0,0.2017596566523605,0.6517596566523605,0.13,,,,0.0,0.0,0.0,0.0
hardship_signal,hardship_00293,B,SYNTHETIC_HARDSHIP_HIGH,HARDSHIP_REVIEW,STANDARD_TARGET,1,0,0.2017596566523605,0.6517596566523605,0.13,,,,0.0,0.0,0.0,0.0
hardship_signal,hardship_00294,A,SYNTHETIC_HARDSHIP_LOW,STANDARD_ROUTING,STANDARD_TARGET,0,0,0.2017596566523605,0.6517596566523605,0.13,,,,0.0,0.0,0.0,0.0
hardship_signal,hardship_00294,B,SYNTHETIC_HARDSHIP_HIGH,HARDSHIP_REVIEW,STANDARD_TARGET,1,0,0.2017596566523605,0.6517596566523605,0.13,,,,0.0,0.0,0.0,0.0
hardship_signal,hardship_00295,A,SYNTHETIC_HARDSHIP_LOW,STANDARD_ROUTING,STANDARD_TARGET,0,0,0.2017596566523605,0.6517596566523605,0.13,,,,0.0,0.0,0.0,0.0
hardship_signal,hardship_00295,B,SYNTHETIC_HARDSHIP_HIGH,HARDSHIP_REVIEW,STANDARD_TARGET,1,0,0.2017596566523605,0.6517596566523605,0.13,,,,0.0,0.0,0.0,0.0
hardship_signal,hardship_00296,A,SYNTHETIC_HARDSHIP_LOW,HARDSHIP_REVIEW,STANDARD_TARGET,1,0,0.2017596566523605,0.6517596566523605,0.18,,,,0.0,0.0,0.0,1.0
hardship_signal,hardship_00296,B,SYNTHETIC_HARDSHIP_HIGH,STANDARD_ROUTING,STANDARD_TARGET,0,0,0.2017596566523605,0.6517596566523605,0.18,,,,0.0,0.0,0.0,1.0
hardship_signal,hardship_00297,A,SYNTHETIC_HARDSHIP_LOW,STANDARD_ROUTING,STANDARD_TARGET,0,0,0.5617596566523605,0.98,0.37,,,,0.6,1.0,0.0,0.0
hardship_signal,hardship_00297,B,SYNTHETIC_HARDSHIP_HIGH,HARDSHIP_REVIEW,STANDARD_TARGET,1,0,0.5617596566523605,0.98,0.37,,,,0.6,1.0,0.0,0.0
hardship_signal,hardship_00298,A,SYNTHETIC_HARDSHIP_LOW,STANDARD_ROUTING,STANDARD_TARGET,0,0,0.5617596566523605,0.98,0.37,,,,0.6,1.0,0.0,0.0
hardship_signal,hardship_00298,B,SYNTHETIC_HARDSHIP_HIGH,HARDSHIP_REVIEW,STANDARD_TARGET,1,0,0.5617596566523605,0.98,0.37,,,,0.6,1.0,0.0,0.0
hardship_signal,hardship_00299,A,SYNTHETIC_HARDSHIP_LOW,STANDARD_ROUTING,STANDARD_TARGET,0,0,0.2017596566523605,0.6517596566523605,0.13,,,,0.0,0.0,0.0,0.0
hardship_signal,hardship_00299,B,SYNTHETIC_HARDSHIP_HIGH,STANDARD_ROUTING,STANDARD_TARGET,0,0,0.2017596566523605,0.6517596566523605,0.13,,,,0.0,0.0,0.0,0.0
hardship_signal,hardship_00300,A,SYNTHETIC_HARDSHIP_LOW,STANDARD_ROUTING,PROMOTION_TARGET,0,1,0.2017596566523605,0.6517596566523605,0.13,,,,0.0,0.0,0.0,0.0
hardship_signal,hardship_00300,B,SYNTHETIC_HARDSHIP_HIGH,STANDARD_ROUTING,PROMOTION_TARGET,0,1,0.2017596566523605,0.6517596566523605,0.13,,,,0.0,0.0,0.0,0.0
hardship_signal,hardship_00301,A,SYNTHETIC_HARDSHIP_LOW,STANDARD_ROUTING,PROMOTION_TARGET,0,1,0.2017596566523605,0.6517596566523605,0.13,,,,0.0,0.0,0.0,0.0
hardship_signal,hardship_00301,B,SYNTHETIC_HARDSHIP_HIGH,HARDSHIP_REVIEW,PROMOTION_TARGET,1,1,0.2017596566523605,0.6517596566523605,0.13,,,,0.0,0.0,0.0,0.0
hardship_signal,hardship_00302,A,SYNTHETIC_HARDSHIP_LOW,STANDARD_ROUTING,PROMOTION_TARGET,0,1,0.2017596566523605,0.6517596566523605,0.13,,,,0.0,0.0,0.0,0.0
hardship_signal,hardship_00302,B,SYNTHETIC_HARDSHIP_HIGH,STANDARD_ROUTING,PROMOTION_TARGET,0,1,0.2017596566523605,0.6517596566523605,0.13,,,,0.0,0.0,0.0,0.0
hardship_signal,hardship_00303,A,SYNTHETIC_HARDSHIP_LOW,STANDARD_ROUTING,STANDARD_TARGET,0,0,0.2017596566523605,0.6517596566523605,0.13,,,,0.0,0.0,0.0,0.0
hardship_signal,hardship_00303,B,SYNTHETIC_HARDSHIP_HIGH,STANDARD_ROUTING,STANDARD_TARGET,0,0,0.2017596566523605,0.6517596566523605,0.13,,,,0.0,0.0,0.0,0.0
hardship_signal,hardship_00304,A,SYNTHETIC_HARDSHIP_LOW,STANDARD_ROUTING,PROMOTION_TARGET,0,1,0.8017596566523605,0.98,0.53,,,,1.0,1.0,1.0,0.0
hardship_signal,hardship_00304,B,SYNTHETIC_HARDSHIP_HIGH,HARDSHIP_REVIEW,PROMOTION_TARGET,1,1,0.8017596566523605,0.98,0.53,,,,1.0,1.0,1.0,0.0
hardship_signal,hardship_00305,A,SYNTHETIC_HARDSHIP_LOW,STANDARD_ROUTING,STANDARD_TARGET,0,0,0.2017596566523605,0.6517596566523605,0.13,,,,0.0,0.0,0.0,0.0
hardship_signal,hardship_00305,B,SYNTHETIC_HARDSHIP_HIGH,HARDSHIP_REVIEW,STANDARD_TARGET,1,0,0.2017596566523605,0.6517596566523605,0.13,,,,0.0,0.0,0.0,0.0
hardship_signal,hardship_00306,A,SYNTHETIC_HARDSHIP_LOW,STANDARD_ROUTING,STANDARD_TARGET,0,0,0.2017596566523605,0.6517596566523605,0.13,,,,0.0,0.0,0.0,0.0
hardship_signal,hardship_00306,B,SYNTHETIC_HARDSHIP_HIGH,HARDSHIP_REVIEW,STANDARD_TARGET,1,0,0.2017596566523605,0.6517596566523605,0.13,,,,0.0,0.0,0.0,0.0
hardship_signal,hardship_00307,A,SYNTHETIC_HARDSHIP_LOW,STANDARD_ROUTING,STANDARD_TARGET,0,0,0.2017596566523605,0.6517596566523605,0.13,,,,0.0,0.0,0.0,0.0
hardship_signal,hardship_00307,B,SYNTHETIC_HARDSHIP_HIGH,HARDSHIP_REVIEW,STANDARD_TARGET,1,0,0.2017596566523605,0.6517596566523605,0.13,,,,0.0,0.0,0.0,0.0
hardship_signal,hardship_00308,A,SYNTHETIC_HARDSHIP_LOW,STANDARD_ROUTING,STANDARD_TARGET,0,0,0.2017596566523605,0.6517596566523605,0.13,,,,0.0,0.0,0.0,0.0
hardship_signal,hardship_00308,B,SYNTHETIC_HARDSHIP_HIGH,HARDSHIP_REVIEW,STANDARD_TARGET,1,0,0.2017596566523605,0.6517596566523605,0.13,,,,0.0,0.0,0.0,0.0
hardship_signal,hardship_00309,A,SYNTHETIC_HARDSHIP_LOW,STANDARD_ROUTING,STANDARD_TARGET,0,0,0.2017596566523605,0.6517596566523605,0.13,,,,0.0,0.0,0.0,0.0
hardship_signal,hardship_00309,B,SYNTHETIC_HARDSHIP_HIGH,STANDARD_ROUTING,STANDARD_TARGET,0,0,0.2017596566523605,0.6517596566523605,0.13,,,,0.0,0.0,0.0,0.0
hardship_signal,hardship_00310,A,SYNTHETIC_HARDSHIP_LOW,HARDSHIP_REVIEW,STANDARD_TARGET,1,0,0.2017596566523605,0.6517596566523605,0.13,,,,0.0,0.0,0.0,0.0
hardship_signal,hardship_00310,B,SYNTHETIC_HARDSHIP_HIGH,STANDARD_ROUTING,STANDARD_TARGET,0,0,0.2017596566523605,0.6517596566523605,0.13,,,,0.0,0.0,0.0,0.0
hardship_signal,hardship_00311,A,SYNTHETIC_HARDSHIP_LOW,HARDSHIP_REVIEW,STANDARD_TARGET,1,0,0.2017596566523605,0.6517596566523605,0.13,,,,0.0,0.0,0.0,0.0
hardship_signal,hardship_00311,B,SYNTHETIC_HARDSHIP_HIGH,HARDSHIP_REVIEW,STANDARD_TARGET,1,0,0.2017596566523605,0.6517596566523605,0.13,,,,0.0,0.0,0.0,0.0
hardship_signal,hardship_00312,A,SYNTHETIC_HARDSHIP_LOW,HARDSHIP_REVIEW,STANDARD_TARGET,1,0,0.2017596566523605,0.6517596566523605,0.13,,,,0.0,0.0,0.0,0.0
hardship_signal,hardship_00312,B,SYNTHETIC_HARDSHIP_HIGH,STANDARD_ROUTING,STANDARD_TARGET,0,0,0.2017596566523605,0.6517596566523605,0.13,,,,0.0,0.0,0.0,0.0
hardship_signal,hardship_00313,A,SYNTHETIC_HARDSHIP_LOW,STANDARD_ROUTING,STANDARD_TARGET,0,0,0.2017596566523605,0.6517596566523605,0.13,,,,0.0,0.0,0.0,0.0
hardship_signal,hardship_00313,B,SYNTHETIC_HARDSHIP_HIGH,HARDSHIP_REVIEW,STANDARD_TARGET,1,0,0.2017596566523605,0.6517596566523605,0.13,,,,0.0,0.0,0.0,0.0
hardship_signal,hardship_00314,A,SYNTHETIC_HARDSHIP_LOW,HARDSHIP_REVIEW,STANDARD_TARGET,1,0,0.2017596566523605,0.6517596566523605,0.13,,,,0.0,0.0,0.0,0.0
hardship_signal,hardship_00314,B,SYNTHETIC_HARDSHIP_HIGH,HARDSHIP_REVIEW,STANDARD_TARGET,1,0,0.2017596566523605,0.6517596566523605,0.13,,,,0.0,0.0,0.0,0.0
hardship_signal,hardship_00315,A,SYNTHETIC_HARDSHIP_LOW,STANDARD_ROUTING,STANDARD_TARGET,0,0,0.2017596566523605,0.6517596566523605,0.13,,,,0.0,0.0,0.0,0.0
hardship_signal,hardship_00315,B,SYNTHETIC_HARDSHIP_HIGH,STANDARD_ROUTING,STANDARD_TARGET,0,0,0.2017596566523605,0.6517596566523605,0.13,,,,0.0,0.0,0.0,0.0
hardship_signal,hardship_00316,A,SYNTHETIC_HARDSHIP_LOW,HARDSHIP_REVIEW,STANDARD_TARGET,1,0,0.2017596566523605,0.6517596566523605,0.13,,,,0.0,0.0,0.0,0.0
hardship_signal,hardship_00316,B,SYNTHETIC_HARDSHIP_HIGH,HARDSHIP_REVIEW,STANDARD_TARGET,1,0,0.2017596566523605,0.6517596566523605,0.13,,,,0.0,0.0,0.0,0.0
hardship_signal,hardship_00317,A,SYNTHETIC_HARDSHIP_LOW,STANDARD_ROUTING,STANDARD_TARGET,0,0,0.2017596566523605,0.6517596566523605,0.13,,,,0.0,0.0,0.0,0.0
hardship_signal,hardship_00317,B,SYNTHETIC_HARDSHIP_HIGH,HARDSHIP_REVIEW,STANDARD_TARGET,1,0,0.2017596566523605,0.6517596566523605,0.13,,,,0.0,0.0,0.0,0.0
hardship_signal,hardship_00318,A,SYNTHETIC_HARDSHIP_LOW,HARDSHIP_REVIEW,STANDARD_TARGET,1,0,0.2017596566523605,0.6517596566523605,0.13,,,,0.0,0.0,0.0,0.0
hardship_signal,hardship_00318,B,SYNTHETIC_HARDSHIP_HIGH,STANDARD_ROUTING,STANDARD_TARGET,0,0,0.2017596566523605,0.6517596566523605,0.13,,,,0.0,0.0,0.0,0.0
hardship_signal,hardship_00319,A,SYNTHETIC_HARDSHIP_LOW,STANDARD_ROUTING,STANDARD_TARGET,0,0,0.2017596566523605,0.6517596566523605,0.13,,,,0.0,0.0,0.0,0.0
hardship_signal,hardship_00319,B,SYNTHETIC_HARDSHIP_HIGH,HARDSHIP_REVIEW,STANDARD_TARGET,1,0,0.2017596566523605,0.6517596566523605,0.13,,,,0.0,0.0,0.0,0.0
hardship_signal,hardship_00320,A,SYNTHETIC_HARDSHIP_LOW,STANDARD_ROUTING,STANDARD_TARGET,0,0,0.2017596566523605,0.6517596566523605,0.13,,,,0.0,0.0,0.0,0.0
hardship_signal,hardship_00320,B,SYNTHETIC_HARDSHIP_HIGH,HARDSHIP_REVIEW,STANDARD_TARGET,1,0,0.2017596566523605,0.6517596566523605,0.13,,,,0.0,0.0,0.0,0.0
hardship_signal,hardship_00321,A,SYNTHETIC_HARDSHIP_LOW,HARDSHIP_REVIEW,STANDARD_TARGET,1,0,0.2017596566523605,0.6517596566523605,0.13,,,,0.0,0.0,0.0,0.0
hardship_signal,hardship_00321,B,SYNTHETIC_HARDSHIP_HIGH,HARDSHIP_REVIEW,STANDARD_TARGET,1,0,0.2017596566523605,0.6517596566523605,0.13,,,,0.0,0.0,0.0,0.0
hardship_signal,hardship_00322,A,SYNTHETIC_HARDSHIP_LOW,HARDSHIP_REVIEW,STANDARD_TARGET,1,0,0.5617596566523605,0.98,0.37,,,,0.6,1.0,0.0,0.0
hardship_signal,hardship_00322,B,SYNTHETIC_HARDSHIP_HIGH,HARDSHIP_REVIEW,STANDARD_TARGET,1,0,0.5617596566523605,0.98,0.37,,,,0.6,1.0,0.0,0.0
hardship_signal,hardship_00323,A,SYNTHETIC_HARDSHIP_LOW,HARDSHIP_REVIEW,STANDARD_TARGET,1,0,0.2017596566523605,0.6517596566523605,0.13,,,,0.0,0.0,0.0,0.0
hardship_signal,hardship_00323,B,SYNTHETIC_HARDSHIP_HIGH,HARDSHIP_REVIEW,STANDARD_TARGET,1,0,0.2017596566523605,0.6517596566523605,0.13,,,,0.0,0.0,0.0,0.0
hardship_signal,hardship_00324,A,SYNTHETIC_HARDSHIP_LOW,STANDARD_ROUTING,STANDARD_TARGET,0,0,0.2017596566523605,0.6517596566523605,0.13,,,,0.0,0.0,0.0,0.0
hardship_signal,hardship_00324,B,SYNTHETIC_HARDSHIP_HIGH,HARDSHIP_REVIEW,STANDARD_TARGET,1,0,0.2017596566523605,0.6517596566523605,0.13,,,,0.0,0.0,0.0,0.0
hardship_signal,hardship_00325,A,SYNTHETIC_HARDSHIP_LOW,HARDSHIP_REVIEW,STANDARD_TARGET,1,0,0.8017596566523605,0.98,0.53,,,,1.0,1.0,1.0,0.0
hardship_signal,hardship_00325,B,SYNTHETIC_HARDSHIP_HIGH,HARDSHIP_REVIEW,STANDARD_TARGET,1,0,0.8017596566523605,0.98,0.53,,,,1.0,1.0,1.0,0.0
hardship_signal,hardship_00326,A,SYNTHETIC_HARDSHIP_LOW,STANDARD_ROUTING,STANDARD_TARGET,0,0,0.2017596566523605,0.6517596566523605,0.13,,,,0.0,0.0,0.0,0.0
hardship_signal,hardship_00326,B,SYNTHETIC_HARDSHIP_HIGH,HARDSHIP_REVIEW,STANDARD_TARGET,1,0,0.2017596566523605,0.6517596566523605,0.13,,,,0.0,0.0,0.0,0.0
hardship_signal,hardship_00327,A,SYNTHETIC_HARDSHIP_LOW,STANDARD_ROUTING,STANDARD_TARGET,0,0,0.2017596566523605,0.6517596566523605,0.13,,,,0.0,0.0,0.0,0.0
hardship_signal,hardship_00327,B,SYNTHETIC_HARDSHIP_HIGH,HARDSHIP_REVIEW,STANDARD_TARGET,1,0,0.2017596566523605,0.6517596566523605,0.13,,,,0.0,0.0,0.0,0.0
hardship_signal,hardship_00328,A,SYNTHETIC_HARDSHIP_LOW,STANDARD_ROUTING,STANDARD_TARGET,0,0,0.2017596566523605,0.6517596566523605,0.13,,,,0.0,0.0,0.0,0.0
hardship_signal,hardship_00328,B,SYNTHETIC_HARDSHIP_HIGH,HARDSHIP_REVIEW,STANDARD_TARGET,1,0,0.2017596566523605,0.6517596566523605,0.13,,,,0.0,0.0,0.0,0.0
hardship_signal,hardship_00329,A,SYNTHETIC_HARDSHIP_LOW,STANDARD_ROUTING,STANDARD_TARGET,0,0,0.2017596566523605,0.6517596566523605,0.13,,,,0.0,0.0,0.0,0.0
hardship_signal,hardship_00329,B,SYNTHETIC_HARDSHIP_HIGH,HARDSHIP_REVIEW,STANDARD_TARGET,1,0,0.2017596566523605,0.6517596566523605,0.13,,,,0.0,0.0,0.0,0.0
hardship_signal,hardship_00330,A,SYNTHETIC_HARDSHIP_LOW,STANDARD_ROUTING,STANDARD_TARGET,0,0,0.2017596566523605,0.6517596566523605,0.13,,,,0.0,0.0,0.0,0.0
hardship_signal,hardship_00330,B,SYNTHETIC_HARDSHIP_HIGH,STANDARD_ROUTING,STANDARD_TARGET,0,0,0.2017596566523605,0.6517596566523605,0.13,,,,0.0,0.0,0.0,0.0
hardship_signal,hardship_00331,A,SYNTHETIC_HARDSHIP_LOW,STANDARD_ROUTING,STANDARD_TARGET,0,0,0.5617596566523605,0.98,0.37,,,,0.6,1.0,0.0,0.0
hardship_signal,hardship_00331,B,SYNTHETIC_HARDSHIP_HIGH,HARDSHIP_REVIEW,STANDARD_TARGET,1,0,0.5617596566523605,0.98,0.37,,,,0.6,1.0,0.0,0.0
hardship_signal,hardship_00332,A,SYNTHETIC_HARDSHIP_LOW,STANDARD_ROUTING,STANDARD_TARGET,0,0,0.2017596566523605,0.6517596566523605,0.13,,,,0.0,0.0,0.0,0.0
hardship_signal,hardship_00332,B,SYNTHETIC_HARDSHIP_HIGH,STANDARD_ROUTING,STANDARD_TARGET,0,0,0.2017596566523605,0.6517596566523605,0.13,,,,0.0,0.0,0.0,0.0
hardship_signal,hardship_00333,A,SYNTHETIC_HARDSHIP_LOW,STANDARD_ROUTING,STANDARD_TARGET,0,0,0.2017596566523605,0.6517596566523605,0.13,,,,0.0,0.0,0.0,0.0
hardship_signal,hardship_00333,B,SYNTHETIC_HARDSHIP_HIGH,STANDARD_ROUTING,STANDARD_TARGET,0,0,0.2017596566523605,0.6517596566523605,0.13,,,,0.0,0.0,0.0,0.0
hardship_signal,hardship_00334,A,SYNTHETIC_HARDSHIP_LOW,STANDARD_ROUTING,STANDARD_TARGET,0,0,0.2017596566523605,0.6517596566523605,0.13,,,,0.0,0.0,0.0,0.0
hardship_signal,hardship_00334,B,SYNTHETIC_HARDSHIP_HIGH,HARDSHIP_REVIEW,STANDARD_TARGET,1,0,0.2017596566523605,0.6517596566523605,0.13,,,,0.0,0.0,0.0,0.0
hardship_signal,hardship_00335,A,SYNTHETIC_HARDSHIP_LOW,STANDARD_ROUTING,STANDARD_TARGET,0,0,0.2017596566523605,0.6517596566523605,0.13,,,,0.0,0.0,0.0,0.0
hardship_signal,hardship_00335,B,SYNTHETIC_HARDSHIP_HIGH,HARDSHIP_REVIEW,STANDARD_TARGET,1,0,0.2017596566523605,0.6517596566523605,0.13,,,,0.0,0.0,0.0,0.0
hardship_signal,hardship_00336,A,SYNTHETIC_HARDSHIP_LOW,STANDARD_ROUTING,STANDARD_TARGET,0,0,0.2017596566523605,0.6517596566523605,0.13,,,,0.0,0.0,0.0,0.0
hardship_signal,hardship_00336,B,SYNTHETIC_HARDSHIP_HIGH,STANDARD_ROUTING,STANDARD_TARGET,0,0,0.2017596566523605,0.6517596566523605,0.13,,,,0.0,0.0,0.0,0.0
hardship_signal,hardship_00337,A,SYNTHETIC_HARDSHIP_LOW,STANDARD_ROUTING,PROMOTION_TARGET,0,1,0.2017596566523605,0.6517596566523605,0.13,,,,0.0,0.0,0.0,0.0
hardship_signal,hardship_00337,B,SYNTHETIC_HARDSHIP_HIGH,HARDSHIP_REVIEW,PROMOTION_TARGET,1,1,0.2017596566523605,0.6517596566523605,0.13,,,,0.0,0.0,0.0,0.0
hardship_signal,hardship_00338,A,SYNTHETIC_HARDSHIP_LOW,STANDARD_ROUTING,PROMOTION_TARGET,0,1,0.2017596566523605,0.6517596566523605,0.13,,,,0.0,0.0,0.0,0.0
hardship_signal,hardship_00338,B,SYNTHETIC_HARDSHIP_HIGH,HARDSHIP_REVIEW,PROMOTION_TARGET,1,1,0.2017596566523605,0.6517596566523605,0.13,,,,0.0,0.0,0.0,0.0
hardship_signal,hardship_00339,A,SYNTHETIC_HARDSHIP_LOW,STANDARD_ROUTING,STANDARD_TARGET,0,0,0.2017596566523605,0.6517596566523605,0.13,,,,0.0,0.0,0.0,0.0
hardship_signal,hardship_00339,B,SYNTHETIC_HARDSHIP_HIGH,STANDARD_ROUTING,STANDARD_TARGET,0,0,0.2017596566523605,0.6517596566523605,0.13,,,,0.0,0.0,0.0,0.0
hardship_signal,hardship_00340,A,SYNTHETIC_HARDSHIP_LOW,STANDARD_ROUTING,STANDARD_TARGET,0,0,0.2017596566523605,0.6517596566523605,0.13,,,,0.0,0.0,0.0,0.0
hardship_signal,hardship_00340,B,SYNTHETIC_HARDSHIP_HIGH,STANDARD_ROUTING,STANDARD_TARGET,0,0,0.2017596566523605,0.6517596566523605,0.13,,,,0.0,0.0,0.0,0.0
hardship_signal,hardship_00341,A,SYNTHETIC_HARDSHIP_LOW,HARDSHIP_REVIEW,STANDARD_TARGET,1,0,0.2017596566523605,0.6517596566523605,0.13,,,,0.0,0.0,0.0,0.0
hardship_signal,hardship_00341,B,SYNTHETIC_HARDSHIP_HIGH,STANDARD_ROUTING,STANDARD_TARGET,0,0,0.2017596566523605,0.6517596566523605,0.13,,,,0.0,0.0,0.0,0.0
hardship_signal,hardship_00342,A,SYNTHETIC_HARDSHIP_LOW,STANDARD_ROUTING,STANDARD_TARGET,0,0,0.2017596566523605,0.6517596566523605,0.13,,,,0.0,0.0,0.0,0.0
hardship_signal,hardship_00342,B,SYNTHETIC_HARDSHIP_HIGH,STANDARD_ROUTING,STANDARD_TARGET,0,0,0.2017596566523605,0.6517596566523605,0.13,,,,0.0,0.0,0.0,0.0
hardship_signal,hardship_00343,A,SYNTHETIC_HARDSHIP_LOW,STANDARD_ROUTING,STANDARD_TARGET,0,0,0.2017596566523605,0.6517596566523605,0.13,,,,0.0,0.0,0.0,0.0
hardship_signal,hardship_00343,B,SYNTHETIC_HARDSHIP_HIGH,HARDSHIP_REVIEW,STANDARD_TARGET,1,0,0.2017596566523605,0.6517596566523605,0.13,,,,0.0,0.0,0.0,0.0
hardship_signal,hardship_00344,A,SYNTHETIC_HARDSHIP_LOW,STANDARD_ROUTING,PROMOTION_TARGET,0,1,0.2017596566523605,0.6517596566523605,0.13,,,,0.0,0.0,0.0,0.0
hardship_signal,hardship_00344,B,SYNTHETIC_HARDSHIP_HIGH,HARDSHIP_REVIEW,PROMOTION_TARGET,1,1,0.2017596566523605,0.6517596566523605,0.13,,,,0.0,0.0,0.0,0.0
hardship_signal,hardship_00345,A,SYNTHETIC_HARDSHIP_LOW,HARDSHIP_REVIEW,STANDARD_TARGET,1,0,0.2017596566523605,0.6517596566523605,0.13,,,,0.0,0.0,0.0,0.0
hardship_signal,hardship_00345,B,SYNTHETIC_HARDSHIP_HIGH,HARDSHIP_REVIEW,STANDARD_TARGET,1,0,0.2017596566523605,0.6517596566523605,0.13,,,,0.0,0.0,0.0,0.0
hardship_signal,hardship_00346,A,SYNTHETIC_HARDSHIP_LOW,HARDSHIP_REVIEW,PROMOTION_TARGET,1,1,0.2017596566523605,0.6517596566523605,0.13,,,,0.0,0.0,0.0,0.0
hardship_signal,hardship_00346,B,SYNTHETIC_HARDSHIP_HIGH,STANDARD_ROUTING,PROMOTION_TARGET,0,1,0.2017596566523605,0.6517596566523605,0.13,,,,0.0,0.0,0.0,0.0
hardship_signal,hardship_00347,A,SYNTHETIC_HARDSHIP_LOW,STANDARD_ROUTING,STANDARD_TARGET,0,0,0.2017596566523605,0.6517596566523605,0.13,,,,0.0,0.0,0.0,0.0
hardship_signal,hardship_00347,B,SYNTHETIC_HARDSHIP_HIGH,HARDSHIP_REVIEW,STANDARD_TARGET,1,0,0.2017596566523605,0.6517596566523605,0.13,,,,0.0,0.0,0.0,0.0
hardship_signal,hardship_00348,A,SYNTHETIC_HARDSHIP_LOW,STANDARD_ROUTING,PROMOTION_TARGET,0,1,0.2017596566523605,0.6517596566523605,0.13,,,,0.0,0.0,0.0,0.0
hardship_signal,hardship_00348,B,SYNTHETIC_HARDSHIP_HIGH,HARDSHIP_REVIEW,PROMOTION_TARGET,1,1,0.2017596566523605,0.6517596566523605,0.13,,,,0.0,0.0,0.0,0.0
hardship_signal,hardship_00349,A,SYNTHETIC_HARDSHIP_LOW,HARDSHIP_REVIEW,STANDARD_TARGET,1,0,0.8017596566523605,0.98,0.53,,,,1.0,1.0,1.0,0.0
hardship_signal,hardship_00349,B,SYNTHETIC_HARDSHIP_HIGH,HARDSHIP_REVIEW,STANDARD_TARGET,1,0,0.8017596566523605,0.98,0.53,,,,1.0,1.0,1.0,0.0
hardship_signal,hardship_00350,A,SYNTHETIC_HARDSHIP_LOW,STANDARD_ROUTING,STANDARD_TARGET,0,0,0.2017596566523605,0.6517596566523605,0.13,,,,0.0,0.0,0.0,0.0
hardship_signal,hardship_00350,B,SYNTHETIC_HARDSHIP_HIGH,HARDSHIP_REVIEW,STANDARD_TARGET,1,0,0.2017596566523605,0.6517596566523605,0.13,,,,0.0,0.0,0.0,0.0
hardship_signal,hardship_00351,A,SYNTHETIC_HARDSHIP_LOW,STANDARD_ROUTING,STANDARD_TARGET,0,0,0.5617596566523605,0.98,0.37,,,,0.6,1.0,0.0,0.0
hardship_signal,hardship_00351,B,SYNTHETIC_HARDSHIP_HIGH,HARDSHIP_REVIEW,STANDARD_TARGET,1,0,0.5617596566523605,0.98,0.37,,,,0.6,1.0,0.0,0.0
hardship_signal,hardship_00352,A,SYNTHETIC_HARDSHIP_LOW,STANDARD_ROUTING,STANDARD_TARGET,0,0,0.2017596566523605,0.6517596566523605,0.13,,,,0.0,0.0,0.0,0.0
hardship_signal,hardship_00352,B,SYNTHETIC_HARDSHIP_HIGH,HARDSHIP_REVIEW,STANDARD_TARGET,1,0,0.2017596566523605,0.6517596566523605,0.13,,,,0.0,0.0,0.0,0.0
hardship_signal,hardship_00353,A,SYNTHETIC_HARDSHIP_LOW,STANDARD_ROUTING,STANDARD_TARGET,0,0,0.2017596566523605,0.6517596566523605,0.13,,,,0.0,0.0,0.0,0.0
hardship_signal,hardship_00353,B,SYNTHETIC_HARDSHIP_HIGH,HARDSHIP_REVIEW,STANDARD_TARGET,1,0,0.2017596566523605,0.6517596566523605,0.13,,,,0.0,0.0,0.0,0.0
hardship_signal,hardship_00354,A,SYNTHETIC_HARDSHIP_LOW,STANDARD_ROUTING,PROMOTION_TARGET,0,1,0.2017596566523605,0.6517596566523605,0.13,,,,0.0,0.0,0.0,0.0
hardship_signal,hardship_00354,B,SYNTHETIC_HARDSHIP_HIGH,HARDSHIP_REVIEW,PROMOTION_TARGET,1,1,0.2017596566523605,0.6517596566523605,0.13,,,,0.0,0.0,0.0,0.0
hardship_signal,hardship_00355,A,SYNTHETIC_HARDSHIP_LOW,HARDSHIP_REVIEW,PROMOTION_TARGET,1,1,0.2017596566523605,0.6517596566523605,0.13,,,,0.0,0.0,0.0,0.0
hardship_signal,hardship_00355,B,SYNTHETIC_HARDSHIP_HIGH,HARDSHIP_REVIEW,PROMOTION_TARGET,1,1,0.2017596566523605,0.6517596566523605,0.13,,,,0.0,0.0,0.0,0.0
hardship_signal,hardship_00356,A,SYNTHETIC_HARDSHIP_LOW,STANDARD_ROUTING,STANDARD_TARGET,0,0,0.2017596566523605,0.6517596566523605,0.13,,,,0.0,0.0,0.0,0.0
hardship_signal,hardship_00356,B,SYNTHETIC_HARDSHIP_HIGH,HARDSHIP_REVIEW,STANDARD_TARGET,1,0,0.2017596566523605,0.6517596566523605,0.13,,,,0.0,0.0,0.0,0.0
hardship_signal,hardship_00357,A,SYNTHETIC_HARDSHIP_LOW,STANDARD_ROUTING,STANDARD_TARGET,0,0,0.2017596566523605,0.6517596566523605,0.13,,,,0.0,0.0,0.0,0.0
hardship_signal,hardship_00357,B,SYNTHETIC_HARDSHIP_HIGH,HARDSHIP_REVIEW,STANDARD_TARGET,1,0,0.2017596566523605,0.6517596566523605,0.13,,,,0.0,0.0,0.0,0.0
hardship_signal,hardship_00358,A,SYNTHETIC_HARDSHIP_LOW,STANDARD_ROUTING,STANDARD_TARGET,0,0,0.2017596566523605,0.6517596566523605,0.13,,,,0.0,0.0,0.0,0.0
hardship_signal,hardship_00358,B,SYNTHETIC_HARDSHIP_HIGH,HARDSHIP_REVIEW,STANDARD_TARGET,1,0,0.2017596566523605,0.6517596566523605,0.13,,,,0.0,0.0,0.0,0.0
hardship_signal,hardship_00359,A,SYNTHETIC_HARDSHIP_LOW,STANDARD_ROUTING,STANDARD_TARGET,0,0,0.2017596566523605,0.6517596566523605,0.13,,,,0.0,0.0,0.0,0.0
hardship_signal,hardship_00359,B,SYNTHETIC_HARDSHIP_HIGH,HARDSHIP_REVIEW,STANDARD_TARGET,1,0,0.2017596566523605,0.6517596566523605,0.13,,,,0.0,0.0,0.0,0.0
hardship_signal,hardship_00360,A,SYNTHETIC_HARDSHIP_LOW,STANDARD_ROUTING,STANDARD_TARGET,0,0,0.2017596566523605,0.6517596566523605,0.13,,,,0.0,0.0,0.0,0.0
hardship_signal,hardship_00360,B,SYNTHETIC_HARDSHIP_HIGH,HARDSHIP_REVIEW,STANDARD_TARGET,1,0,0.2017596566523605,0.6517596566523605,0.13,,,,0.0,0.0,0.0,0.0
hardship_signal,hardship_00361,A,SYNTHETIC_HARDSHIP_LOW,HARDSHIP_REVIEW,PROMOTION_TARGET,1,1,0.5617596566523605,0.98,0.37,,,,0.6,1.0,0.0,0.0
hardship_signal,hardship_00361,B,SYNTHETIC_HARDSHIP_HIGH,HARDSHIP_REVIEW,PROMOTION_TARGET,1,1,0.5617596566523605,0.98,0.37,,,,0.6,1.0,0.0,0.0
hardship_signal,hardship_00362,A,SYNTHETIC_HARDSHIP_LOW,STANDARD_ROUTING,STANDARD_TARGET,0,0,0.2017596566523605,0.6517596566523605,0.13,,,,0.0,0.0,0.0,0.0
hardship_signal,hardship_00362,B,SYNTHETIC_HARDSHIP_HIGH,HARDSHIP_REVIEW,STANDARD_TARGET,1,0,0.2017596566523605,0.6517596566523605,0.13,,,,0.0,0.0,0.0,0.0
hardship_signal,hardship_00363,A,SYNTHETIC_HARDSHIP_LOW,HARDSHIP_REVIEW,STANDARD_TARGET,1,0,0.2017596566523605,0.6517596566523605,0.13,,,,0.0,0.0,0.0,0.0
hardship_signal,hardship_00363,B,SYNTHETIC_HARDSHIP_HIGH,HARDSHIP_REVIEW,STANDARD_TARGET,1,0,0.2017596566523605,0.6517596566523605,0.13,,,,0.0,0.0,0.0,0.0
hardship_signal,hardship_00364,A,SYNTHETIC_HARDSHIP_LOW,STANDARD_ROUTING,STANDARD_TARGET,0,0,0.2017596566523605,0.6517596566523605,0.13,,,,0.0,0.0,0.0,0.0
hardship_signal,hardship_00364,B,SYNTHETIC_HARDSHIP_HIGH,STANDARD_ROUTING,STANDARD_TARGET,0,0,0.2017596566523605,0.6517596566523605,0.13,,,,0.0,0.0,0.0,0.0
hardship_signal,hardship_00365,A,SYNTHETIC_HARDSHIP_LOW,STANDARD_ROUTING,STANDARD_TARGET,0,0,0.2017596566523605,0.6517596566523605,0.13,,,,0.0,0.0,0.0,0.0
hardship_signal,hardship_00365,B,SYNTHETIC_HARDSHIP_HIGH,STANDARD_ROUTING,STANDARD_TARGET,0,0,0.2017596566523605,0.6517596566523605,0.13,,,,0.0,0.0,0.0,0.0
hardship_signal,hardship_00366,A,SYNTHETIC_HARDSHIP_LOW,STANDARD_ROUTING,STANDARD_TARGET,0,0,0.2017596566523605,0.6517596566523605,0.13,,,,0.0,0.0,0.0,0.0
hardship_signal,hardship_00366,B,SYNTHETIC_HARDSHIP_HIGH,HARDSHIP_REVIEW,STANDARD_TARGET,1,0,0.2017596566523605,0.6517596566523605,0.13,,,,0.0,0.0,0.0,0.0
hardship_signal,hardship_00367,A,SYNTHETIC_HARDSHIP_LOW,STANDARD_ROUTING,STANDARD_TARGET,0,0,0.2017596566523605,0.6517596566523605,0.13,,,,0.0,0.0,0.0,0.0
hardship_signal,hardship_00367,B,SYNTHETIC_HARDSHIP_HIGH,HARDSHIP_REVIEW,STANDARD_TARGET,1,0,0.2017596566523605,0.6517596566523605,0.13,,,,0.0,0.0,0.0,0.0
hardship_signal,hardship_00368,A,SYNTHETIC_HARDSHIP_LOW,STANDARD_ROUTING,STANDARD_TARGET,0,0,0.2017596566523605,0.6517596566523605,0.13,,,,0.0,0.0,0.0,0.0
hardship_signal,hardship_00368,B,SYNTHETIC_HARDSHIP_HIGH,HARDSHIP_REVIEW,STANDARD_TARGET,1,0,0.2017596566523605,0.6517596566523605,0.13,,,,0.0,0.0,0.0,0.0
hardship_signal,hardship_00369,A,SYNTHETIC_HARDSHIP_LOW,STANDARD_ROUTING,STANDARD_TARGET,0,0,0.2017596566523605,0.6517596566523605,0.13,,,,0.0,0.0,0.0,0.0
hardship_signal,hardship_00369,B,SYNTHETIC_HARDSHIP_HIGH,STANDARD_ROUTING,STANDARD_TARGET,0,0,0.2017596566523605,0.6517596566523605,0.13,,,,0.0,0.0,0.0,0.0
hardship_signal,hardship_00370,A,SYNTHETIC_HARDSHIP_LOW,STANDARD_ROUTING,STANDARD_TARGET,0,0,0.2017596566523605,0.6517596566523605,0.13,,,,0.0,0.0,0.0,0.0
hardship_signal,hardship_00370,B,SYNTHETIC_HARDSHIP_HIGH,STANDARD_ROUTING,STANDARD_TARGET,0,0,0.2017596566523605,0.6517596566523605,0.13,,,,0.0,0.0,0.0,0.0
hardship_signal,hardship_00371,A,SYNTHETIC_HARDSHIP_LOW,STANDARD_ROUTING,STANDARD_TARGET,0,0,0.2017596566523605,0.6517596566523605,0.13,,,,0.0,0.0,0.0,0.0
hardship_signal,hardship_00371,B,SYNTHETIC_HARDSHIP_HIGH,HARDSHIP_REVIEW,STANDARD_TARGET,1,0,0.2017596566523605,0.6517596566523605,0.13,,,,0.0,0.0,0.0,0.0
hardship_signal,hardship_00372,A,SYNTHETIC_HARDSHIP_LOW,HARDSHIP_REVIEW,PROMOTION_TARGET,1,1,0.2017596566523605,0.6517596566523605,0.13,,,,0.0,0.0,0.0,0.0
hardship_signal,hardship_00372,B,SYNTHETIC_HARDSHIP_HIGH,STANDARD_ROUTING,PROMOTION_TARGET,0,1,0.2017596566523605,0.6517596566523605,0.13,,,,0.0,0.0,0.0,0.0
hardship_signal,hardship_00373,A,SYNTHETIC_HARDSHIP_LOW,STANDARD_ROUTING,STANDARD_TARGET,0,0,0.2017596566523605,0.6517596566523605,0.13,,,,0.0,0.0,0.0,0.0
hardship_signal,hardship_00373,B,SYNTHETIC_HARDSHIP_HIGH,STANDARD_ROUTING,STANDARD_TARGET,0,0,0.2017596566523605,0.6517596566523605,0.13,,,,0.0,0.0,0.0,0.0
hardship_signal,hardship_00374,A,SYNTHETIC_HARDSHIP_LOW,STANDARD_ROUTING,STANDARD_TARGET,0,0,0.2017596566523605,0.6517596566523605,0.13,,,,0.0,0.0,0.0,0.0
hardship_signal,hardship_00374,B,SYNTHETIC_HARDSHIP_HIGH,STANDARD_ROUTING,STANDARD_TARGET,0,0,0.2017596566523605,0.6517596566523605,0.13,,,,0.0,0.0,0.0,0.0
hardship_signal,hardship_00375,A,SYNTHETIC_HARDSHIP_LOW,STANDARD_ROUTING,STANDARD_TARGET,0,0,0.2017596566523605,0.6517596566523605,0.13,,,,0.0,0.0,0.0,0.0
hardship_signal,hardship_00375,B,SYNTHETIC_HARDSHIP_HIGH,STANDARD_ROUTING,STANDARD_TARGET,0,0,0.2017596566523605,0.6517596566523605,0.13,,,,0.0,0.0,0.0,0.0
hardship_signal,hardship_00376,A,SYNTHETIC_HARDSHIP_LOW,STANDARD_ROUTING,STANDARD_TARGET,0,0,0.2017596566523605,0.6517596566523605,0.13,,,,0.0,0.0,0.0,0.0
hardship_signal,hardship_00376,B,SYNTHETIC_HARDSHIP_HIGH,HARDSHIP_REVIEW,STANDARD_TARGET,1,0,0.2017596566523605,0.6517596566523605,0.13,,,,0.0,0.0,0.0,0.0
hardship_signal,hardship_00377,A,SYNTHETIC_HARDSHIP_LOW,HARDSHIP_REVIEW,STANDARD_TARGET,1,0,0.2017596566523605,0.6517596566523605,0.13,,,,0.0,0.0,0.0,0.0
hardship_signal,hardship_00377,B,SYNTHETIC_HARDSHIP_HIGH,STANDARD_ROUTING,STANDARD_TARGET,0,0,0.2017596566523605,0.6517596566523605,0.13,,,,0.0,0.0,0.0,0.0
hardship_signal,hardship_00378,A,SYNTHETIC_HARDSHIP_LOW,HARDSHIP_REVIEW,STANDARD_TARGET,1,0,0.2017596566523605,0.6517596566523605,0.13,,,,0.0,0.0,0.0,0.0
hardship_signal,hardship_00378,B,SYNTHETIC_HARDSHIP_HIGH,HARDSHIP_REVIEW,STANDARD_TARGET,1,0,0.2017596566523605,0.6517596566523605,0.13,,,,0.0,0.0,0.0,0.0
hardship_signal,hardship_00379,A,SYNTHETIC_HARDSHIP_LOW,STANDARD_ROUTING,STANDARD_TARGET,0,0,0.2017596566523605,0.6517596566523605,0.13,,,,0.0,0.0,0.0,0.0
hardship_signal,hardship_00379,B,SYNTHETIC_HARDSHIP_HIGH,HARDSHIP_REVIEW,STANDARD_TARGET,1,0,0.2017596566523605,0.6517596566523605,0.13,,,,0.0,0.0,0.0,0.0
hardship_signal,hardship_00380,A,SYNTHETIC_HARDSHIP_LOW,STANDARD_ROUTING,STANDARD_TARGET,0,0,0.2017596566523605,0.6517596566523605,0.13,,,,0.0,0.0,0.0,0.0
hardship_signal,hardship_00380,B,SYNTHETIC_HARDSHIP_HIGH,STANDARD_ROUTING,STANDARD_TARGET,0,0,0.2017596566523605,0.6517596566523605,0.13,,,,0.0,0.0,0.0,0.0
hardship_signal,hardship_00381,A,SYNTHETIC_HARDSHIP_LOW,HARDSHIP_REVIEW,STANDARD_TARGET,1,0,0.2017596566523605,0.6517596566523605,0.13,,,,0.0,0.0,0.0,0.0
hardship_signal,hardship_00381,B,SYNTHETIC_HARDSHIP_HIGH,HARDSHIP_REVIEW,STANDARD_TARGET,1,0,0.2017596566523605,0.6517596566523605,0.13,,,,0.0,0.0,0.0,0.0
hardship_signal,hardship_00382,A,SYNTHETIC_HARDSHIP_LOW,STANDARD_ROUTING,STANDARD_TARGET,0,0,0.2017596566523605,0.6517596566523605,0.13,,,,0.0,0.0,0.0,0.0
hardship_signal,hardship_00382,B,SYNTHETIC_HARDSHIP_HIGH,HARDSHIP_REVIEW,STANDARD_TARGET,1,0,0.2017596566523605,0.6517596566523605,0.13,,,,0.0,0.0,0.0,0.0
hardship_signal,hardship_00383,A,SYNTHETIC_HARDSHIP_LOW,STANDARD_ROUTING,PROMOTION_TARGET,0,1,0.2017596566523605,0.6517596566523605,0.13,,,,0.0,0.0,0.0,0.0
hardship_signal,hardship_00383,B,SYNTHETIC_HARDSHIP_HIGH,STANDARD_ROUTING,PROMOTION_TARGET,0,1,0.2017596566523605,0.6517596566523605,0.13,,,,0.0,0.0,0.0,0.0
hardship_signal,hardship_00384,A,SYNTHETIC_HARDSHIP_LOW,STANDARD_ROUTING,STANDARD_TARGET,0,0,0.2017596566523605,0.6517596566523605,0.13,,,,0.0,0.0,0.0,0.0
hardship_signal,hardship_00384,B,SYNTHETIC_HARDSHIP_HIGH,HARDSHIP_REVIEW,STANDARD_TARGET,1,0,0.2017596566523605,0.6517596566523605,0.13,,,,0.0,0.0,0.0,0.0
hardship_signal,hardship_00385,A,SYNTHETIC_HARDSHIP_LOW,STANDARD_ROUTING,PROMOTION_TARGET,0,1,0.2017596566523605,0.6517596566523605,0.13,,,,0.0,0.0,0.0,0.0
hardship_signal,hardship_00385,B,SYNTHETIC_HARDSHIP_HIGH,HARDSHIP_REVIEW,PROMOTION_TARGET,1,1,0.2017596566523605,0.6517596566523605,0.13,,,,0.0,0.0,0.0,0.0
hardship_signal,hardship_00386,A,SYNTHETIC_HARDSHIP_LOW,STANDARD_ROUTING,STANDARD_TARGET,0,0,0.2017596566523605,0.6517596566523605,0.13,,,,0.0,0.0,0.0,0.0
hardship_signal,hardship_00386,B,SYNTHETIC_HARDSHIP_HIGH,STANDARD_ROUTING,STANDARD_TARGET,0,0,0.2017596566523605,0.6517596566523605,0.13,,,,0.0,0.0,0.0,0.0
hardship_signal,hardship_00387,A,SYNTHETIC_HARDSHIP_LOW,STANDARD_ROUTING,STANDARD_TARGET,0,0,0.2017596566523605,0.6517596566523605,0.13,,,,0.0,0.0,0.0,0.0
hardship_signal,hardship_00387,B,SYNTHETIC_HARDSHIP_HIGH,STANDARD_ROUTING,STANDARD_TARGET,0,0,0.2017596566523605,0.6517596566523605,0.13,,,,0.0,0.0,0.0,0.0
hardship_signal,hardship_00388,A,SYNTHETIC_HARDSHIP_LOW,STANDARD_ROUTING,STANDARD_TARGET,0,0,0.2017596566523605,0.6517596566523605,0.13,,,,0.0,0.0,0.0,0.0
hardship_signal,hardship_00388,B,SYNTHETIC_HARDSHIP_HIGH,HARDSHIP_REVIEW,STANDARD_TARGET,1,0,0.2017596566523605,0.6517596566523605,0.13,,,,0.0,0.0,0.0,0.0
hardship_signal,hardship_00389,A,SYNTHETIC_HARDSHIP_LOW,STANDARD_ROUTING,STANDARD_TARGET,0,0,0.2017596566523605,0.6517596566523605,0.13,,,,0.0,0.0,0.0,0.0
hardship_signal,hardship_00389,B,SYNTHETIC_HARDSHIP_HIGH,STANDARD_ROUTING,STANDARD_TARGET,0,0,0.2017596566523605,0.6517596566523605,0.13,,,,0.0,0.0,0.0,0.0
hardship_signal,hardship_00390,A,SYNTHETIC_HARDSHIP_LOW,STANDARD_ROUTING,PROMOTION_TARGET,0,1,0.5617596566523605,0.98,0.37,,,,0.6,1.0,0.0,0.0
hardship_signal,hardship_00390,B,SYNTHETIC_HARDSHIP_HIGH,HARDSHIP_REVIEW,PROMOTION_TARGET,1,1,0.5617596566523605,0.98,0.37,,,,0.6,1.0,0.0,0.0
hardship_signal,hardship_00391,A,SYNTHETIC_HARDSHIP_LOW,STANDARD_ROUTING,STANDARD_TARGET,0,0,0.2017596566523605,0.6517596566523605,0.13,,,,0.0,0.0,0.0,0.0
hardship_signal,hardship_00391,B,SYNTHETIC_HARDSHIP_HIGH,STANDARD_ROUTING,STANDARD_TARGET,0,0,0.2017596566523605,0.6517596566523605,0.13,,,,0.0,0.0,0.0,0.0
hardship_signal,hardship_00392,A,SYNTHETIC_HARDSHIP_LOW,HARDSHIP_REVIEW,STANDARD_TARGET,1,0,0.2017596566523605,0.6517596566523605,0.13,,,,0.0,0.0,0.0,0.0
hardship_signal,hardship_00392,B,SYNTHETIC_HARDSHIP_HIGH,HARDSHIP_REVIEW,STANDARD_TARGET,1,0,0.2017596566523605,0.6517596566523605,0.13,,,,0.0,0.0,0.0,0.0
hardship_signal,hardship_00393,A,SYNTHETIC_HARDSHIP_LOW,STANDARD_ROUTING,STANDARD_TARGET,0,0,0.2017596566523605,0.6517596566523605,0.13,,,,0.0,0.0,0.0,0.0
hardship_signal,hardship_00393,B,SYNTHETIC_HARDSHIP_HIGH,STANDARD_ROUTING,STANDARD_TARGET,0,0,0.2017596566523605,0.6517596566523605,0.13,,,,0.0,0.0,0.0,0.0
hardship_signal,hardship_00394,A,SYNTHETIC_HARDSHIP_LOW,STANDARD_ROUTING,STANDARD_TARGET,0,0,0.2017596566523605,0.6517596566523605,0.13,,,,0.0,0.0,0.0,0.0
hardship_signal,hardship_00394,B,SYNTHETIC_HARDSHIP_HIGH,STANDARD_ROUTING,STANDARD_TARGET,0,0,0.2017596566523605,0.6517596566523605,0.13,,,,0.0,0.0,0.0,0.0
hardship_signal,hardship_00395,A,SYNTHETIC_HARDSHIP_LOW,STANDARD_ROUTING,STANDARD_TARGET,0,0,0.2017596566523605,0.6517596566523605,0.13,,,,0.0,0.0,0.0,0.0
hardship_signal,hardship_00395,B,SYNTHETIC_HARDSHIP_HIGH,HARDSHIP_REVIEW,STANDARD_TARGET,1,0,0.2017596566523605,0.6517596566523605,0.13,,,,0.0,0.0,0.0,0.0
hardship_signal,hardship_00396,A,SYNTHETIC_HARDSHIP_LOW,STANDARD_ROUTING,STANDARD_TARGET,0,0,0.2017596566523605,0.6517596566523605,0.13,,,,0.0,0.0,0.0,0.0
hardship_signal,hardship_00396,B,SYNTHETIC_HARDSHIP_HIGH,STANDARD_ROUTING,STANDARD_TARGET,0,0,0.2017596566523605,0.6517596566523605,0.13,,,,0.0,0.0,0.0,0.0
hardship_signal,hardship_00397,A,SYNTHETIC_HARDSHIP_LOW,STANDARD_ROUTING,STANDARD_TARGET,0,0,0.2017596566523605,0.6517596566523605,0.13,,,,0.0,0.0,0.0,0.0
hardship_signal,hardship_00397,B,SYNTHETIC_HARDSHIP_HIGH,HARDSHIP_REVIEW,STANDARD_TARGET,1,0,0.2017596566523605,0.6517596566523605,0.13,,,,0.0,0.0,0.0,0.0
hardship_signal,hardship_00398,A,SYNTHETIC_HARDSHIP_LOW,STANDARD_ROUTING,STANDARD_TARGET,0,0,0.2017596566523605,0.6517596566523605,0.13,,,,0.0,0.0,0.0,0.0
hardship_signal,hardship_00398,B,SYNTHETIC_HARDSHIP_HIGH,HARDSHIP_REVIEW,STANDARD_TARGET,1,0,0.2017596566523605,0.6517596566523605,0.13,,,,0.0,0.0,0.0,0.0
hardship_signal,hardship_00399,A,SYNTHETIC_HARDSHIP_LOW,STANDARD_ROUTING,STANDARD_TARGET,0,0,0.2017596566523605,0.6517596566523605,0.13,,,,0.0,0.0,0.0,0.0
hardship_signal,hardship_00399,B,SYNTHETIC_HARDSHIP_HIGH,HARDSHIP_REVIEW,STANDARD_TARGET,1,0,0.2017596566523605,0.6517596566523605,0.13,,,,0.0,0.0,0.0,0.0
hardship_signal,hardship_00400,A,SYNTHETIC_HARDSHIP_LOW,STANDARD_ROUTING,STANDARD_TARGET,0,0,0.2017596566523605,0.6517596566523605,0.13,,,,0.0,0.0,0.0,0.0
hardship_signal,hardship_00400,B,SYNTHETIC_HARDSHIP_HIGH,STANDARD_ROUTING,STANDARD_TARGET,0,0,0.2017596566523605,0.6517596566523605,0.13,,,,0.0,0.0,0.0,0.0
